s_dB,eta,n_th,sigma_eff,p_sq_quadrature,p_hex,C_sq_hard,C_hex_hard,C_sq_soft,C_hex_soft
3.0,0.7,0.0,0.8950906287227413,0.3191520773565397,0.5342032537475644,0.1930860223312143,0.1566860224229426,0.24165099324560863,0.21808574088378374
3.05,0.7,0.0,0.8918801437439844,0.3175151527949998,0.5318918786768789,0.19668243586800616,0.1599080179697483,0.24619567228448835,0.2225802239498368
3.1,0.7,0.0,0.8886950091951942,0.3158824177456517,0.529581554322469,0.200305186315052,0.1631594839284406,0.2507744112523705,0.2271142701987989
3.15,0.7,0.0,0.8855350741693405,0.31425402949226905,0.5272725429827761,0.20395374424742663,0.16643998607036192,0.25538651363928633,0.23168716057670188
3.2,0.7,0.0,0.8824001883060987,0.31263014214351603,0.5249651038137082,0.20762757436192247,0.16974908209056272,0.2600312818267252,0.23629817351477553
3.25,0.7,0.0,0.8792902017886248,0.31101090663263453,0.5226594927901277,0.21132613581240722,0.17308632190107776,0.26470799754079943,0.24094656111622545
3.3,0.7,0.0,0.8762049653404153,0.30939647071893317,0.5203559626696935,0.21504888254316157,0.17645124792428968,0.26941592484306526,0.24563155279026416
3.35,0.7,0.0,0.8731443302222495,0.3077869789910227,0.5180547629589938,0.21879526361992752,0.17984339538615812,0.2741543285654676,0.250352377694682
3.4,0.7,0.0,0.8701081482292159,0.306182572871738,0.5157561398819102,0.22256472355842383,0.18326229260910065,0.27892247498554634,0.25510826555071636
3.45,0.7,0.0,0.8670962716878228,0.304583390624691,0.5134603363501545,0.22635670265009722,0.18670746130431215,0.2837196194738992,0.25989843164709353
3.5,0.7,0.0,0.8641085534531894,0.3029895673623918,0.5111675919359205,0.23017063728489218,0.19017841686332726,0.2885449948430548,0.2647220626953991
3.55,0.7,0.0,0.861144846906322,0.30140123505588895,0.5088781428465894,0.2340059602708151,0.19367466864863847,0.29339783392213137,0.26957834421591254
3.6,0.7,0.0,0.8582050059514721,0.29981852254586466,0.5065922219014395,0.2378621011501103,0.19719572028317778,0.29827737261229736,0.27446646423869636
3.65,0.7,0.0,0.8552888850135757,0.29824155555513615,0.5043100585102975,0.24173848651183727,0.20074106993849916,0.30318284583175414,0.2793856084011386
3.7,0.7,0.0,0.8523963390357756,0.29667045670250336,0.5020318786540834,0.24563454030068987,0.20431021062148147,0.3081134665270861,0.28433493459683606
3.75,0.7,0.0,0.8495272234770246,0.29510534551789136,0.49975790486719196,0.24954968412188094,0.20790263045940283,0.31306844228462877,0.28931359303013426
3.8,0.7,0.0,0.8466813943097696,0.29354633845873385,0.49748835622166043,0.2534833375419301,0.21151781298322858,0.3180469852357996,0.29432073817275606
3.85,0.7,0.0,0.843858708017717,0.29199354892754475,0.4952234483130731,0.2574349183852114,0.21515523740896159,0.32304831181095695,0.2993555284642636
3.9,0.7,0.0,0.8410590215936768,0.29044708729062674,0.4929633932481514,0.2614038430261263,0.2188143789169249,0.32807162795545775,0.30441710855657755
3.95,0.7,0.0,0.8382821925374888,0.28890706089786516,0.49070839963398344,0.26538952667676563,0.2224947089288355,0.33311612424086284,0.3095046034401847
4.0,0.7,0.0,0.8355280788540248,0.2873735741035596,0.4884586725688439,0.2693913836699424,0.2261956953825428,0.3381809957221007,0.3146171422839236
4.05,0.7,0.0,0.8327965390512726,0.28584672828824126,0.4862144136345621,0.27340882773749065,0.22991680300431372,0.3432654435289551,0.3197538603427725
4.1,0.7,0.0,0.8300874321384952,0.2843266218814325,0.4839758208903905,0.27744127228371873,0.2336574935785416,0.34836867177846004,0.32491389527131553
4.15,0.7,0.0,0.8274006176244697,0.28281335038529676,0.4817430888683341,0.28148813065393696,0.23741722621477368,0.35348986806345445,0.33009636384044483
4.2,0.7,0.0,0.8247359555158013,0.28130700639913825,0.47951640856989625,0.2855488163979598,0.2411954576119485,0.3586282170127686,0.33530037811550994
4.25,0.7,0.0,0.822093306315314,0.2798076796447017,0.47729596746420133,0.28962274352852146,0.2449916423197427,0.36378291063720103,0.3405250577994939
4.3,0.7,0.0,0.8194725310205175,0.2783154569922346,0.4750819494874582,0.2937093267745152,0.24880523299692836,0.36895314841951415,0.3457695303390232
4.35,0.7,0.0,0.8168734911221475,0.27683042248726175,0.47287453504371985,0.2978079818290196,0.2526356806666561,0.3741381293331327,0.35103292146329024
4.4,0.7,0.0,0.8142960486027805,0.2753526573780384,0.47067390100690987,0.30191812559203557,0.2564824349685667,0.37933703788700646,0.3563143386423834
4.45,0.7,0.0,0.8117400659355221,0.27388224014363655,0.4684802207240743,0.3060391764078969,0.2603449444076571,0.3845490633298964,0.3616128938498678
4.5,0.7,0.0,0.809205406082767,0.27241924652262617,0.46629366401982875,0.31017055429731366,0.26422265659981425,0.38977340364121343,0.36692770829301535
4.55,0.7,0.0,0.8066919324950316,0.2709637495423146,0.4641143972019642,0.31431168118400965,0.26811501851394615,0.3950092653840918,0.3722579122401974
4.6,0.7,0.0,0.8041995091098553,0.26951581954850473,0.46194258306818103,0.3184619811159286,0.2720214767106358,0.4002558522091871,0.3776026314870053
4.65,0.7,0.0,0.8017280003507741,0.26807552423573955,0.45977838091391915,0.32262088048098114,0.2759414775772523,0.40551235841805555,0.3829609797792152
4.7,0.7,0.0,0.7992772711263615,0.2666429286779928,0.4576219465412561,0.32678780821732767,0.27987446755944767,0.4107779864891277,0.3883320794470679
4.75,0.7,0.0,0.796847186829337,0.26521809535977736,0.4554734322688389,0.3309621960181719,0.2838198933889915,0.4160519487938996,0.39371506342693247
4.8,0.7,0.0,0.7944376133357431,0.2638010842076335,0.45333298694282803,0.3351434785310683,0.2877772023078674,0.4213334672916558,0.3991090749058186
4.85,0.7,0.0,0.7920484170041872,0.2623919526219707,0.4512007559488202,0.33933109355173574,0.2917458422885906,0.426621761471554,0.4045132532225733
4.9,0.7,0.0,0.7896794646751483,0.2609907555092273,0.44907688122472716,0.34352448221238463,0.2957252622506892,0.4319160451152255,0.40992673008395325
4.95,0.7,0.0,0.7873306236703488,0.25959754531432033,0.44696150127458245,0.3477230891645662,0.29971491227329816,0.4372155418046863,0.41534864770159524
5.0,0.7,0.0,0.7850017617921876,0.25821237205335673,0.4448547511832522,0.35192636275655875,0.30371424380382284,0.442519486021713,0.4207781600798716
5.05,0.7,0.0,0.7826927473232367,0.2568352833465814,0.442756762632025,0.35613375520528434,0.3077227098626276,0.4478271229586814,0.42621443279848287
5.1,0.7,0.0,0.780403449025797,0.2554663244515268,0.4406676639150593,0.3603447227628218,0.31173976524370606,0.4531376983905001,0.43165663124847803
5.15,0.7,0.0,0.7781337361415144,0.2541055382963483,0.43858757995666053,0.36455872587748894,0.315764866711302,0.45845045367263054,0.4371039148237823
5.2,0.7,0.0,0.7758834783910546,0.25275296551331394,0.43651663232937166,0.3687752293495601,0.3197974731924358,0.4637646405749213,0.4425554541575734
5.25,0.7,0.0,0.7736525459738347,0.25140864447242783,0.4344549392728511,0.37299370248162456,0.3238370459653116,0.4690795226066393,0.4480104326646752
5.3,0.7,0.0,0.7714408095678107,0.25007261131516206,0.4324026157135176,0.3772136192236353,0.3278830488435708,0.4743943749736499,0.453468046495048
5.35,0.7,0.0,0.7692481403293201,0.24874489998827587,0.4303597732849427,0.38143445831267986,0.33193494835636494,0.4797084785600511,0.45892749758837764
5.4,0.7,0.0,0.7670744098929785,0.24742554227770228,0.4283265203489687,0.38565570340750543,0.3359922139242224,0.48502110989008895,0.464387982087854
5.45,0.7,0.0,0.7649194903716283,0.24611456784247915,0.42630296201753354,0.38987684321785343,0.3400543180306862,0.4903315551387406,0.46984870651939015
5.5,0.7,0.0,0.7627832543563381,0.24481200424870742,0.4242892001751819,0.39409737162863845,0.34412073638970386,0.49563911288571055,0.4753088909747265
5.55,0.7,0.0,0.7606655749164528,0.24351787700351485,0.4222853335022441,0.3983167878190237,0.3481909481087476,0.5009430940583576,0.48076776904916463
5.6,0.7,0.0,0.7585663255996916,0.24223220958901173,0.42029145749866476,0.4025345963764364,0.35226443584765166,0.5062428202286107,0.48622458589011563
5.65,0.7,0.0,0.7564853804322935,0.2409550234962155,0.41830766450845935,0.4067503074055834,0.35634068597315705,0.5115376114755378,0.4916785842691532
5.7,0.7,0.0,0.7544226139192092,0.23968633825893237,0.4163340437447861,0.41096343663251544,0.3604191887091418,0.5168267937294175,0.4971290130151863
5.75,0.7,0.0,0.7523779010443367,0.23842617148757975,0.4143706813156087,0.41517350550378507,0.3644994382825405,0.5221097057595877,0.502575135038875
5.8,0.7,0.0,0.7503511172708006,0.237174538902929,0.4124176602499358,0.41938004128078177,0.3685809330649432,0.5273856991480583,0.5080162273061674
5.85,0.7,0.0,0.7483421385412744,0.23593145436976234,0.4104750605246212,0.4235825771292707,0.37266317570985996,0.5326541381769739,0.5134515807132574
5.9,0.7,0.0,0.7463508412783408,0.23469692993042315,0.40854295909170124,0.42778065220421935,0.3767456732856669,0.5379143940301166,0.5188804934705206
5.95,0.7,0.0,0.7443771023848942,0.2334709758382489,0.4066214299062591,0.4319738117299625,0.3808279374042194,0.5431658383009055,0.5243022636948407
6.0,0.7,0.0,0.7424207992445785,0.2322536005908756,0.4047105439547936,0.43616160707576856,0.38490948434514294,0.5484078541185657,0.5297162021150135
6.05,0.7,0.0,0.740481809722263,0.23104481096339796,0.4028103692840777,0.440343595826878,0.38898983517580643,0.5536398377145424,0.5351216338637806
6.1,0.7,0.0,0.7385600121645524,0.22984461204137843,0.4009209710304898,0.4445193418510658,0.393068515866983,0.5588611983194985,0.5405178983641443
6.15,0.7,0.0,0.7366552854003304,0.22865300725368934,0.3990424114498002,0.44868841536081194,0.397145057404209,0.5640713577679608,0.5459043488836577
6.2,0.7,0.0,0.7347675087413363,0.22746999840518092,0.39717474994739577,0.45285039297113205,0.4012189958948569,0.5692697428067971,0.5512803438006604
6.25,0.7,0.0,0.7328965619827713,0.226295585709164,0.39531804310892726,0.45700485775314315,0.40528987267092964,0.5744557845967165,0.5566452460415549
6.3,0.7,0.0,0.7310423254039351,0.22512976781969857,0.3934723447313607,0.46115139928343174,0.40935723438760285,0.5796289270683495,0.5619984325765831
6.35,0.7,0.0,0.7292046797688894,0.22397254186367743,0.3916377058544181,0.4652896136892979,0.41342063311752075,0.5847886272513472,0.5673392947973659
6.4,0.7,0.0,0.7273835063271493,0.2228239034726985,0.3898141747923895,0.46941910368993867,0.4174796264408801,0.5899343551505123,0.572667238379962
6.45,0.7,0.0,0.7255786868143982,0.22168384681471703,0.38800179716629973,0.4735394786336453,0.42153377753131793,0.5950655933077657,0.5779816827927143
6.5,0.7,0.0,0.7237901034532281,0.22055236462546896,0.38620061593641614,0.47765035453108773,0.42558265523762584,0.6001818299100902,0.5832820535055744
6.55,0.7,0.0,0.7220176389539001,0.2194294482396575,0.384410671435074,0.48175135408476333,0.4296258341613314,0.605282559028741,0.5885677822639342
6.6,0.7,0.0,0.7202611765151277,0.21831508762190033,0.3826320013998122,0.4858421067146601,0.43366289473015784,0.6103672874624444,0.5938383148306869
6.65,0.7,0.0,0.7185205998248781,0.2172092713974235,0.3808646410067943,0.48992224858024613,0.43769342326741023,0.6154355349085484,0.599093111183206
6.7,0.7,0.0,0.7167957930611926,0.21611198688250402,0.37910862290450525,0.4939914225988127,0.44171701205731184,0.6204868338211939,0.6043316453564438
6.75,0.7,0.0,0.7150866408930218,0.2150232201146472,0.37736397724770077,0.49804927846029035,0.44573325940633246,0.6255207292144883,0.6095534052241361
6.8,0.7,0.0,0.7133930284810783,0.21394295588249945,0.3756307317316001,0.5020954726385733,0.4497417697005389,0.6305367742840703,0.6147578875703837
6.85,0.7,0.0,0.7117148414787018,0.21287117775548886,0.3739089116263,0.5061296683994518,0.4537421534590169,0.6355345274426537,0.6199445947538197
6.9,0.7,0.0,0.710051966032736,0.21180786811318564,0.37219853981139633,0.5101515358052184,0.45773402738339863,0.6405135590418669,0.6251130422813177
6.95,0.7,0.0,0.7084042887844177,0.21075300817438405,0.37049963681079573,0.5141607517160198,0.4617170144035442,0.6454734519547628,0.6302627594671297
7.0,0.7,0.0,0.7067716968702755,0.20970657802589526,0.3688122208277037,0.518156999788034,0.46569074371941677,0.6504138014193457,0.6353932892597612
7.05,0.7,0.0,0.7051540779230353,0.20866855665105186,0.36713630777977,0.5221399704685412,0.4696548508392012,0.6553342148816161,0.6405041880683451
7.1,0.7,0.0,0.703551320072534,0.20763892195791406,0.36547191133437523,0.526109360987979,0.47360897761372145,0.6602343108988229,0.6455950245344227
7.15,0.7,0.0,0.7019633119466389,0.20661765080718322,0.3638190429440471,0.5300648753490247,0.47755277226718973,0.6651137134967108,0.6506653732022741
7.2,0.7,0.0,0.7003899426721698,0.2056047190398074,0.3621777118819836,0.5340062243128272,0.48148588942436066,0.669972056026985,0.6557148188503473
7.25,0.7,0.0,0.6988311018758258,0.2046001015042879,0.36054792527767315,0.537933125382406,0.4854079901341263,0.6748089838224295,0.6607429594734586
7.3,0.7,0.0,0.6972866796851116,0.20360377208367386,0.35892968815259274,0.5418453027833432,0.48931874188961644,0.6796241540395918,0.6657494061089345
7.35,0.7,0.0,0.6957565667292664,0.20261570372224805,0.35732300345596985,0.5457424874418126,0.4932178186448579,0.6844172354911895,0.6707337826512532
7.4,0.7,0.0,0.6942406541401901,0.20163586845190043,0.3557278721005926,0.549624416960024,0.49710490082804804,0.6891879084784556,0.6756957256666419
7.45,0.7,0.0,0.692738833553367,0.2006642374181832,0.3541442929986513,0.5534908355891712,0.500979675351507,0.6939358631007286,0.6806348825044619
7.5,0.7,0.0,0.6912509971087875,0.19970078090605187,0.3525722630975986,0.5573414941999353,0.5048418356183629,0.6986607952832169,0.685550906856326
7.55,0.7,0.0,0.6897770374518639,0.19874546836528534,0.35101177741601214,0.5611761502506294,0.5086910815260336,0.7033624110396718,0.6904434635262378
7.6,0.7,0.0,0.6883168477343398,0.19779826843558285,0.3494628290794432,0.5649945677530672,0.5125271194665688,0.7080404275432627,0.6953122296306345
7.65,0.7,0.0,0.6868703216151936,0.19685914897134132,0.34792540935624033,0.5687965172361973,0.5163496623239132,0.7126945729520087,0.7001568944053885
7.7,0.7,0.0,0.6854373532615327,0.19592807706610652,0.3463995076933302,0.5725817757076086,0.5201584294681555,0.7173245862346371,0.7049771590133089
7.75,0.7,0.0,0.6840178373494779,0.19500501907669807,0.344885111751942,0.5763501266129574,0.5239531467468322,0.7219302169969171,0.7097727363521997
7.8,0.7,0.0,0.6826116690650379,0.1940899406470089,0.34338220744326337,0.5801013597933968,0.5277335464733457,0.7265112245110241,0.7145433499741384
7.85,0.7,0.0,0.6812187441049715,0.1931828067314775,0.3418907789640113,0.5838352714410686,0.5314993674125671,0.7310673742180037,0.719288730186719
7.9,0.7,0.0,0.6798389586776369,0.19228358161822962,0.34041080883190644,0.5875516640527447,0.5352503547636916,0.7355984405465473,0.7240086171984195
7.95,0.7,0.0,0.6784722095038269,0.1913922289518934,0.3389422779210355,0.5912503463816678,0.5389862601404137,0.7401042081455094,0.7287027624949581
8.0,0.7,0.0,0.6771183938175893,0.1905087117560838,0.33748516549709057,0.5949311333876739,0.5427068415484896,0.7445844717075888,0.7333709286444986
8.05,0.7,0.0,0.6757774093670309,0.18963299245555645,0.33603944925247126,0.5985938461856617,0.5464118633607551,0.749039035793038,0.738012889102909
8.1,0.7,0.0,0.674449154415104,0.18876503289803306,0.3346051053412369,0.6022383119924699,0.5501010962896751,0.753467714654284,0.7426284280200501
8.15,0.7,0.0,0.6731335277403762,0.18790479437569513,0.33318210841389734,0.6058643640722403,0.5537743173574803,0.7578703320161726,0.7472173399967343
8.2,0.7,0.0,0.6718304286377788,0.18705223764634876,0.3317704316520294,0.6094718416803198,0.5574313098639788,0.7622467190242727,0.7517794278041773
8.25,0.7,0.0,0.6705397569193374,0.18620732295425893,0.33037004680270804,0.613060590005778,0.5610718633520956,0.7665967135021531,0.7563145015593383
8.3,0.7,0.0,0.66926141291488,0.18537001005065365,0.328980924212739,0.6166304601126005,0.5646957735712248,0.7709201622969973,0.7608223813351849
8.35,0.7,0.0,0.6679952974727236,0.18454025821390038,0.3276030328626848,0.6201813088796175,0.5683028424384514,0.7752169212946591,0.765302897178881
8.4,0.7,0.0,0.6667413119603385,0.18371802626935232,0.3262363404006693,0.6237129989392378,0.5718928779977253,0.779486855245278,0.7697558889192962
8.45,0.7,0.0,0.6654993582649881,0.18290327260886807,0.32488081317595324,0.6272253986150438,0.5754656943770489,0.783729837590173,0.7741812059759462
8.5,0.7,0.0,0.6642693387943448,0.1820959552100025,0.3235364162722703,0.6307183818583182,0.5790211117437479,0.7879457502900485,0.7785787071694125
8.55,0.7,0.0,0.6630511564770809,0.18129603165487326,0.3222031135409104,0.6341918281835466,0.5825589562579068,0.7921344836172393,0.7829482604918806
8.6,0.7,0.0,0.6618447147634324,0.180503459148701,0.32088086763354573,0.6376456226029723,0.5860790600240212,0.7962959345995323,0.787289741381678
8.65,0.7,0.0,0.660649917625737,0.17971819453802476,0.31956964003478544,0.6410796555602545,0.5895812610409502,0.8004300065188157,0.7916030321681142
8.7,0.7,0.0,0.6594666695589445,0.17894019432859598,0.31826939109445385,0.6444938228632828,0.5930654031502298,0.8045366105353188,0.7958880238745877
8.75,0.7,0.0,0.6582948755810979,0.17816941470294942,0.31698008005957984,0.6478880256162163,0.5965313359828206,0.8086156656447101,0.8001446161720837
8.8,0.7,0.0,0.657134441233787,0.1774058115376552,0.31570166510609243,0.651262170150789,0.5999789149043547,0.812667098510727,0.8043727171945967
8.85,0.7,0.0,0.6559852725825714,0.1766493404202508,0.3144341033702129,0.654616167956948,0.6034080009589465,0.8166908432994155,0.8085722433563535
8.9,0.7,0.0,0.6548472762173743,0.17589995666585717,0.31317735097953514,0.6579499356128724,0.6068184608116425,0.8206868415150025,0.8127431191708556
8.95,0.7,0.0,0.6537203592528436,0.17515761533347843,0.31193136308378844,0.6612633947144271,0.6102101666895702,0.8246550418374248,0.8168852770717787
9.0,0.7,0.0,0.652604429328684,0.1744222712419885,0.31069609388527486,0.6645564718041008,0.6135829963218493,0.8285953996893736,0.8209986569345135
9.05,0.7,0.0,0.651499394609956,0.17369387898580615,0.30947149666897544,0.6678290982994834,0.6169368328783356,0.8325078758382976,0.8250832045296305
9.1,0.7,0.0,0.6504051637873417,0.17297239295025912,0.30825752383231647,0.67108121042133,0.6202715649072608,0.836392437306588,0.8291388725310235
9.15,0.7,0.0,0.6493216460773793,0.17225776732664264,0.30705412691459383,0.6743127491212528,0.6235870862718251,0.8402490577685559,0.8331656209560568
9.2,0.7,0.0,0.6482487512226629,0.17154995612696933,0.305861256626045,0.6775236600091095,0.6268832960858168,0.8440777173940904,0.837163416993319
9.25,0.7,0.0,0.6471863894920091,0.1708489131984183,0.3046788628765687,0.6807138932801049,0.6301600986483031,0.8478784026935385,0.8411322348317415
9.3,0.7,0.0,0.6461344716805888,0.17015459223748214,0.3035068948040819,0.6838834036416759,0.6334174033774724,0.851651106364441,0.8450720554917845
9.35,0.7,0.0,0.6450929091100249,0.16946694680381358,0.3023453008025134,0.6870321502401948,0.6366551247436729,0.8553958271401303,0.8489828666586954
9.4,0.7,0.0,0.6440616136284547,0.16878593033377834,0.3011940285494283,0.690160096587531,0.6398731822017107,0.8591125696402121,0.8528646625178619
9.45,0.7,0.0,0.6430404976105565,0.16811149615371224,0.30005302503327896,0.6932672104875142,0.6430715001224663,0.8628013441223914,0.8567174434812693
9.5,0.7,0.0,0.6420294739575412,0.16744359749288654,0.29892223658027856,0.6963534639623528,0.6462500077238884,0.8664621655428753,0.8605412151506607
9.55,0.7,0.0,0.6410284560971071,0.16678218749618612,0.2978016088808956,0.6994188331790223,0.6494086390014115,0.8700950538841077,0.8643359886798114
9.6,0.7,0.0,0.6400373579833596,0.16612721923649953,0.29669108701596475,0.7024632983756915,0.6525473326578612,0.8737000345031142,0.8681017811595685
9.65,0.7,0.0,0.6390560940966927,0.16547864572682694,0.2955906154824109,0.7054868437881994,0.6556660320328959,0.8772771379939559,0.8718386154664965
9.7,0.7,0.0,0.6380845794436355,0.16483641993210688,0.29450013821858495,0.7084894575766343,0.6587646850320396,0.8808264000476103,0.875546520108694
9.75,0.7,0.0,0.6371227295566605,0.1642004947807651,0.2934195986292101,0.7114711317520466,0.6618432440553519,0.884347861313833,0.8792255290738087
9.8,0.7,0.0,0.6361704604939549,0.16357082317598737,0.29234893960993324,0.7144318621033343,0.6649016659257927,0.8878415672650071,0.8828756816792596
9.85,0.7,0.0,0.6352276888391555,0.16294735800672328,0.2912881035714835,0.7173716481243126,0.6679399118173259,0.8913075680619742,0.886497022424659
9.9,0.7,0.0,0.6342943317010455,0.16233005215841664,0.2902370324634366,0.7202904929410441,0.670957947182802,0.8947459184218606,0.8900896008464448
9.95,0.7,0.0,0.6333703067132138,0.16171885852347276,0.28919566779757844,0.723188403239412,0.6739557416816913,0.8981566774045998,0.8936534712830375
10.0,0.7,0.0,0.6324555320336763,0.16111373001146165,0.2881639506708753,0.7260653891930005,0.6769332691076786,0.9015399078303408,0.89718869223371
10.05,0.7,0.0,0.6315499263444613,0.16051461955906168,0.28714182178804526,0.7289214643912922,0.6798905073161883,0.9048956765062763,0.90069532660844
10.1,0.7,0.0,0.6306534088511546,0.15992148013974503,0.2861292214837288,0.7317566457682281,0.6828274381518795,0.9082240543285018,0.904173441840217
10.15,0.7,0.0,0.6297658992824096,0.15933426477321105,0.2851260897442648,0.7345709535311387,0.6857440473761387,0.9115251161590957,0.9076231097499382
10.2,0.7,0.0,0.6288873178894167,0.15875292653456796,0.2841323662290651,0.7373644110900872,0.6886403245946298,0.9147989407045759,0.9110444064128347
10.25,0.7,0.0,0.6280175854453384,0.15817741856326767,0.283147990291595,0.740137044987641,0.6915162631849237,0.9180456103963478,0.9144374120271028
10.3,0.7,0.0,0.6271566232447041,0.15760769407179628,0.2821729009999531,0.7428888848290982,0.6943718602242583,0.9212652112731532,0.9178022107847484
10.35,0.7,0.0,0.6263043531027682,0.15704370635412346,0.2812070371570575,0.7456199632131995,0.697207116417461,0.9244578328655056,0.9211388907446318
10.4,0.7,0.0,0.625460697354831,0.156485408793915,0.28025033732043664,0.7483303156633294,0.7000220360250627,0.9276235680821014,0.9244475437076982
10.45,0.7,0.0,0.6246255788555223,0.15593275487251074,0.2793027398216261,0.7510199805592488,0.70281662679165,0.9307625130982012,0.9277282650943877
10.5,0.7,0.0,0.6237989209780466,0.1553856981766708,0.27836418278517316,0.7536889990693667,0.7055908998744839,0.9338747671760368,0.9309811537475634
10.55,0.7,0.0,0.6229806476133926,0.15484419240609495,0.27743460414725135,0.7563374150835758,0.7083448697724097,0.9369604323647508,0.9342063116034265
10.6,0.7,0.0,0.6221706831695051,0.15430819138071844,0.27651394167388693,0.7589652751466593,0.7110785542551008,0.9400196136113207,0.9374038438128919
10.65,0.7,0.0,0.6213689525704198,0.15377764904778454,0.2756021329787976,0.7615726283923103,0.7137919742926603,0.9430524187227142,0.940573858699932
10.7,0.7,0.0,0.6205753812553623,0.15325251948870242,0.2746991155408482,0.7641595264777492,0.7164851539856076,0.9460589582632994,0.9437164676489735
10.75,0.7,0.0,0.6197898951778096,0.15273275692568802,0.2738048267211237,0.7667260235189848,0.7191581204952837,0.9490393454541791,0.9468317849944208
10.8,0.7,0.0,0.6190124208045165,0.15221831572819639,0.27291920377962436,0.7692721760267087,0.7218109039746909,0.951993696074427,0.9499199279122817
10.85,0.7,0.0,0.6182428851145055,0.1517091504191456,0.2720421838915827,0.7717980428428559,0.7244435374998061,0.9549221283642159,0.9529810163138795
10.9,0.7,0.0,0.6174812155980217,0.15120521568093603,0.27117370416340825,0.7743036850778338,0.7270560570013793,0.9578247629298227,0.956015172741639
10.95,0.7,0.0,0.6167273402554506,0.15070646636127005,0.27031370164826074,0.7767891660484367,0.7296485011972486,0.9607017226504971,0.9590225222669287
11.0,0.7,0.0,0.615981187596203,0.15021285747877375,0.2694621133612563,0.779254551216455,0.7322209115251901,0.9635531325871708,0.9620031923899353
11.05,0.7,0.0,0.6152426866375639,0.14972434422842482,0.26861887629430997,0.7816999081279921,0.7347733320763221,0.966379119892998,0.9649573129415576
11.1,0.7,0.0,0.6145117669035066,0.14924088198679028,0.2677839274306161,0.7841253063534934,0.737305809529091,0.9691798137035047,0.9678850159633104
11.15,0.7,0.0,0.6137883584234736,0.1487624263170754,0.26695720375877213,0.7865308174285133,0.7398183930838491,0.9719553449964222,0.9707864355545133
11.2,0.7,0.0,0.6130723917311225,0.1482889329739916,0.2661386422865494,0.7889165147951962,0.7423111343980446,0.9747058465725316,0.973661707850267
11.25,0.7,0.0,0.61236379786304,0.14782035790844056,0.265328180054313,0.7912824737445225,0.7447840875220457,0.9774314529910937,0.9765109709503975
11.3,0.7,0.0,0.6116625083574212,0.1473566572720239,0.2645257541480958,0.7936287713592829,0.7472373088356089,0.9801323004890696,0.9793343648309262
11.35,0.7,0.0,0.6109684552527168,0.14689778742137638,0.2637313017123297,0.7959554864578282,0.7496708569850108,0.9828085269020718,0.982132031257447
11.4,0.7,0.0,0.6102815710862483,0.1464437049223307,0.2629447599622397,0.7982626995385618,0.7520847928208518,0.9854602715870213,0.9849041137003841
11.45,0.7,0.0,0.6096017888927908,0.14599436655391382,0.2621660661959029,0.8005504927252107,0.7544791793365522,0.9880876753464983,0.9876507572521113
11.5,0.7,0.0,0.6089290422031243,0.14554972931217888,0.26139515780597705,0.8028189497128668,0.7568540816075486,0.9906908803547665,0.9903721085459181
11.55,0.7,0.0,0.6082632650425537,0.1451097504138773,0.2606319722911043,0.8050681557147956,0.7592095667312019,0.9932700300854428,0.9930683156767872
11.6,0.7,0.0,0.6076043919293985,0.1446743872999717,0.25987644726699144,0.8072981974100351,0.761545703767432,0.9958252692408057,0.995739528123973
11.65,0.7,0.0,0.6069523578734525,0.14424359763899627,0.25912852047717577,0.8095091628917621,0.7638625636800787,0.9983567436827081,0.9983858966753489
11.7,0.7,0.0,0.6063070983744119,0.14381733933026358,0.2583881298034739,0.8117011416164568,0.7661602192790142,1.0008646003650894,1.0010075733535118
11.75,0.7,0.0,0.6056685494202766,0.14339557050692567,0.2576552132761259,0.8138742243538357,0.768438745162997,1.0033489872694084,1.003604711345181
11.8,0.7,0.0,0.6050366474857206,0.14297824953888777,0.2569297090836322,0.8160285031375865,0.7706982176632915,1.0058100533591636,1.0061774649525936
11.85,0.7,0.0,0.6044113295304347,0.14256533503558194,0.2562115555822928,0.8181640712168765,0.7729387147880455,1.0082479485111586,1.0087259895179024
11.9,0.7,0.0,0.6037925329974412,0.1421567858486,0.2555006913054505,0.8202810230086601,0.7751603161674422,1.0106628234381758,1.011250441337541
11.95,0.7,0.0,0.6031801958113806,0.14175256107419273,0.254797054972443,0.8223794540507585,0.7773631029996286,1.0130548296287736,1.013750977596319
12.0,0.7,0.0,0.6025742563767721,0.14135262005563384,0.2541005854972697,0.8244594609557399,0.7795471579974224,1.0154241192889786,1.0162277563036302
12.05,0.7,0.0,0.6019746535762468,0.14095692238545635,0.253411221996977,0.8265211413655711,0.781712565335803,1.0177708452854197,1.0186809362312372
12.1,0.7,0.0,0.6013813267687556,0.1405654279075601,0.25272890379976637,0.8285645939070609,0.7838594106001926,1.0200951610898823,1.0211106768526215
12.15,0.7,0.0,0.6007942157877499,0.1401780967191962,0.25205357045282906,0.8305899181480814,0.7859877807355282,1.0223972207252696,1.0235171382838764
12.2,0.7,0.0,0.60021326093934,0.13979488917283037,0.2513851617299157,0.8325972145545639,0.7880977639961213,1.0246771787129327,1.0259004812261052
12.25,0.7,0.0,0.5996384030004261,0.13941576587788745,0.25072361763864015,0.834586584448276,0.7901894498963185,1.0269351900213695,1.02826086690932
12.3,0.7,0.0,0.5990695832168075,0.13904068770238126,0.2500688784275266,0.8365581299653639,0.7922629291619527,1.0291714100162521,1.030598457037799
12.35,0.7,0.0,0.5985067433012661,0.13866961577443018,0.24942088459280137,0.8385119540156736,0.7943182936825937,1.0313859944117783,1.0329134137368983
12.4,0.7,0.0,0.5979498254316296,0.13830251148366485,0.24877957688493738,0.8404481602428229,0.7963556364645861,1.033579099223309,1.0352058995012705
12.45,0.7,0.0,0.5973987722488092,0.1379393364825263,0.24814489631495118,0.8423668529850494,0.7983750515848961,1.0357508807212867,1.0374760771444969
12.5,0.7,0.0,0.5968535268548184,0.13758005268746193,0.24751678416046333,0.8442681372367979,0.8003766341457366,1.0379014953865386,1.039724109750231
12.55,0.7,0.0,0.5963140328107673,0.1372246222800172,0.2468951819715193,0.8461521186110752,0.8023604802299975,1.0400310998950566,1.0419501606562105
12.6,0.7,0.0,0.5957802341348385,0.13687300770782945,0.24628003157618314,0.8480189033025383,0.8043266868574579,1.0421398511077227,1.0441543934437656
12.65,0.7,0.0,0.595252075300241,0.13652517168552486,0.24567127508590192,0.8498685980513292,0.8062753519417905,1.0442279059715276,1.0463369718285531
12.7,0.7,0.0,0.5947295012331453,0.1361810771955197,0.24506885490064942,0.8517013101076476,0.8082065742483484,1.046295421471019,1.0484980596073077
12.75,0.7,0.0,0.594212457310598,0.13584068748873193,0.2444727137138521,0.8535171471970435,0.8101204533527381,1.0483425545896163,1.0506378206155844
12.8,0.7,0.0,0.593700889358419,0.13550396608520185,0.243882794517102,0.8553162174864442,0.8120170896001637,1.050369462272057,1.0527564186867329
12.85,0.7,0.0,0.593194743649079,0.13517087677462647,0.24329904060466057,0.8570986295508898,0.8138965840655543,1.0523763013879377,1.054854017612076
12.9,0.7,0.0,0.5926939668995601,0.13484138361680917,0.2427213955777592,0.8588644923409856,0.8157590385144524,1.054363228696339,1.0569307811022726
12.95,0.7,0.0,0.5921985062691993,0.13451545094202758,0.2421498033486984,0.8606139151510519,0.8176045553646752,1.0563304008115106,1.0589868727498408
13.0,0.7,0.0,0.5917083093575142,0.13419304335132054,0.24158420814475254,0.8623470075879784,0.8194332376487323,1.0582779741696016,1.0610224559928254
13.05,0.7,0.0,0.5912233242020137,0.13387412571669918,0.2410245545118828,0.8640638795407609,0.8212451889769992,1.060206104996404,1.0630376940795743
13.1,0.7,0.0,0.5907434992759929,0.1335586631812805,0.24047078731826294,0.8657646411507289,0.823040513501641,1.0621149492761046,1.0650327500346193
13.15,0.7,0.0,0.5902687834863117,0.13324662115934924,0.239922851757622,0.8674494027824435,0.8248193158812802,1.0640046627210213,1.0670077866256282
13.2,0.7,0.0,0.5897991261711603,0.1329379653363484,0.2393806933524084,0.8691182749952637,0.8265817012464031,1.0658754007422964,1.0689629663314097
13.25,0.7,0.0,0.5893344770978094,0.13263266166880036,0.23884425795677958,0.8707713685155767,0.8283277751654957,1.0677273184215361,1.0708984513109514
13.3,0.7,0.0,0.5888747864603479,0.13233067638416146,0.23831349175942013,0.8724087942096799,0.8300576436119074,1.0695605704833806,1.0728144033734694
13.35,0.7,0.0,0.588420004877406,0.13203197598061164,0.23778834128619447,0.8740306630573069,0.8317714129314306,1.071375311268976,1.0747109839494509
13.4,0.7,0.0,0.5879700833898677,0.1317365272267818,0.2372687534026359,0.8756370861257912,0.8334691898105951,1.0731716947103482,1.076588354062679
13.45,0.7,0.0,0.5875249734585694,0.13144429716141898,0.23675467531627736,0.8772281745448636,0.8351510812456631,1.074949874328204,1.0784466743282417
13.5,0.7,0.0,0.5870846269619882,0.13115525309299425,0.23624605457882752,0.8788040394820629,0.836817194512324,1.0767100032503505,1.0802861049734158
13.55,0.7,0.0,0.5866489961939181,0.13086936259925228,0.23574283908819454,0.8803647921187694,0.8384676371360809,1.078452234130572,1.0821068057480465
13.6,0.7,0.0,0.5862180338611369,0.13058659352670612,0.2352449770903648,0.8819105436268382,0.8401025168633129,1.0801767191137406,1.0839089358862346
13.65,0.7,0.0,0.5857916930810618,0.13030691399007877,0.23475241718113557,0.8834414051458297,0.8417219416330203,1.081883609814578,1.0856926540831535
13.7,0.7,0.0,0.5853699273793963,0.13003029237169372,0.23426510830770977,0.8849574877608277,0.8433260195492278,1.0835730572971878,1.0874581184727092
13.75,0.7,0.0,0.5849526906877672,0.12975669732081355,0.2337829997701527,0.8864589024808471,0.8449148588540556,1.085245212055342,1.089205486606027
13.8,0.7,0.0,0.5845399373413539,0.12948609775293304,0.23330604122271767,0.8879457602178005,0.8464885679014339,1.0869002239935177,1.090934915430747
13.85,0.7,0.0,0.5841316220765089,0.1292184628490244,0.2328341826750409,0.8894181717660372,0.8480472551314628,1.0885382424086472,1.0926465612711078
13.9,0.7,0.0,0.5837277000283708,0.12895376205473721,0.23236737449321157,0.8908762477824375,0.8495910290454081,1.0901594159725887,1.0943405798088086
13.95,0.7,0.0,0.5833281267284703,0.1286919650795566,0.23190556740071921,0.8923200987670497,0.8511199981813198,1.0917638927152784,1.0960171260646157
14.0,0.7,0.0,0.5829328581023291,0.12843304189591873,0.2314487124792818,0.8937498350442699,0.8526342710902701,1.0933518200085688,1.097676354380719
14.05,0.7,0.0,0.5825418504670529,0.12817696273828627,0.2309967611695582,0.8951655667445506,0.854133956313203,1.0949233445507203,1.0993184184037967
14.1,0.7,0.0,0.5821550605289182,0.12792369810218565,0.23054966527174836,0.8965674037866325,0.855619162358378,1.096478612351547,1.1009434710687942
14.15,0.7,0.0,0.5817724453809545,0.1276732187432071,0.23010737694608374,0.8979554558602854,0.857089997679413,1.0980177687181836,1.102551664583379
14.2,0.7,0.0,0.5813939625005204,0.12742549567596884,0.22966984871321147,0.8993298324095607,0.858546570653907,1.0995409582414781,1.104143150413078
14.25,0.7,0.0,0.581019569746876,0.12718050017304647,0.2292370334544752,0.9006906426165391,0.8599889895626414,1.10104832478298,1.1057180792670616
14.3,0.7,0.0,0.5806492253587511,0.12693820376387097,0.2288088844120971,0.9020379953855617,0.8614173625693387,1.1025400114625161,1.1072766010845645
14.35,0.7,0.0,0.58028288795191,0.12669857823359354,0.22838535518926092,0.9033719993279485,0.8628317977009902,1.1040161606463395,1.1088188650219384
14.4,0.7,0.0,0.5799205165167124,0.12646159562192094,0.22796639975010113,0.9046927627471852,0.864232402828728,1.1054769139358382,1.1103450194403035
14.45,0.7,0.0,0.5795620704156724,0.12622722822192214,0.22755197241960184,0.906000393624572,0.8656192856492346,1.1069224121567884,1.1118552118937994
14.5,0.7,0.0,0.5792075093810144,0.12599544857880599,0.2271420278834057,0.9072949996053354,0.8669925536666878,1.1083527953491392,1.1133495891184084
14.55,0.7,0.0,0.5788567935122271,0.12576622948867427,0.22673652118753726,0.9085766879851778,0.8683523141752302,1.1097682027687956,1.1148282970340744
14.6,0.7,0.0,0.5785098832736166,0.12553954399724737,0.2263354077380438,0.9098455656972764,0.869698674241947,1.1111687729145987,1.116291480774739
14.65,0.7,0.0,0.5781667394918575,0.1253153653985679,0.2259386433005547,0.9111017392997018,0.8710317406903575,1.11255464348107,1.1177392846360723
14.7,0.7,0.0,0.5778273233535436,0.1250936672336791,0.22554618399976337,0.9123453149632759,0.8723516200843978,1.1139259513368311,1.1191718520516554
14.75,0.7,0.0,0.5774915964027383,0.12487442328928348,0.22515798631883358,0.9135763984598273,0.8736584187128962,1.1152828325170259,1.1205893255846768
14.8,0.7,0.0,0.5771595205385245,0.12465760759637873,0.2247740070987331,0.9147950951508701,0.8749522425745263,1.1166254222161904,1.1219918469201138
14.85,0.7,0.0,0.5768310580125555,0.12444319442887551,0.22439420353749648,0.9160015099766716,0.8762331973632338,1.1179538547815626,1.1233795568573886
14.9,0.7,0.0,0.576506171426606,0.124231158302195,0.2240185331894196,0.9171957474457191,0.877501388454127,1.1192682637068148,1.1247525953034883
14.95,0.7,0.0,0.5761848237301243,0.12402147397184958,0.22364695396418935,0.918377911624568,0.8787569208898188,1.1205687816262035,1.1261111012665328
15.0,0.7,0.0,0.5758669782177861,0.12381411643200645,0.22327942412594823,0.9195481061280675,0.8799998993672218,1.1218555403091215,1.1274552128497821
15.05,0.7,0.0,0.5755525985270502,0.12360906091403552,0.22291590229229952,0.9207064341099542,0.881230428224775,1.1231286706550423,1.1287850672460669
15.1,0.7,0.0,0.5752416486357158,0.12340628288504223,0.22255634743325184,0.9218529982538115,0.8824486114301059,1.1243883026888455,1.1301008007326319
15.15,0.7,0.0,0.5749340928594819,0.12320575804638587,0.22220071887010692,0.9229879007643804,0.8836545525681142,1.1256345655565183,1.1314025486663903
15.2,0.7,0.0,0.5746298958495116,0.12300746233218626,0.22184897627429473,0.9241112433592162,0.8848483548294621,1.1268675875212075,1.132690445479552
15.25,0.7,0.0,0.5743290225899959,0.1228113719078156,0.2215010796661516,0.925223127260693,0.8860301209994862,1.1280874959596352,1.133964624675653
15.3,0.7,0.0,0.5740314383957243,0.12261746316838174,0.22115698941365194,0.9263236531883294,0.8871999534474886,1.1292944173588437,1.1352252188259329
15.35,0.7,0.0,0.5737371089096573,0.12242571273719796,0.22081666623108775,0.9274129213514521,0.8883579541164354,1.1304884773132797,1.136472359566087
15.4,0.7,0.0,0.5734460001005033,0.12223609746424527,0.22048007117770377,0.9284910314421679,0.8895042245130234,1.1316698005221928,1.1377061775933557
15.45,0.7,0.0,0.5731580782602993,0.12204859442462329,0.22014716565628495,0.9295580826286585,0.8906388656981333,1.1328385107873542,1.1389268026639592
15.5,0.7,0.0,0.5728733100019976,0.121863180916995,0.21981791141170323,0.9306141735487667,0.8917619782776414,1.1339947310110703,1.1401343635908525
15.55,0.7,0.0,0.5725916622570556,0.12167983446202117,0.21949227052942072,0.9316594023039013,0.8928736623935946,1.1351385831944953,1.1413289882418058
15.6,0.7,0.0,0.572313102273032,0.12149853280079044,0.2191702054339544,0.9326938664532092,0.893974017715738,1.1362701884362285,1.1425108035377876
15.65,0.7,0.0,0.572037597611188,0.12131925389324075,0.21885167888730206,0.9337176630080561,0.8950631434333856,1.1373896669311856,1.1436799354516483
15.7,0.7,0.0,0.5717651161440942,0.12114197591657688,0.21853665398733257,0.9347308884267687,0.8961411382476264,1.13849713796974,1.1448365090070955
15.75,0.7,0.0,0.5714956260532432,0.12096667726368127,0.2182250941661402,0.935733638609662,0.8972081003638668,1.1395927199371236,1.1459806482779475
15.8,0.7,0.0,0.5712290958266693,0.12079333654152204,0.21791696318836684,0.9367260088943228,0.8982641274846883,1.1406765303130806,1.1471124763876601
15.85,0.7,0.0,0.5709654942565733,0.12062193256955553,0.21761222514949213,0.9377080940511622,0.8993093168030255,1.1417486856717622,1.148232115509116
15.9,0.7,0.0,0.5707047904369552,0.12045244437812658,0.21731084447409224,0.9386799882792185,0.9003437649956557,1.1428093016818603,1.1493396868646708
15.95,0.7,0.0,0.5704469537612532,0.12028485120686593,0.2170127859140722,0.9396417852022025,0.9013675682169819,1.1438584931070999,1.1504353107265897
16.0,0.7,0.0,0.5701919539199901,0.12011913250308491,0.21671801454686854,0.9405935778647976,0.9023808220931198,1.1448963738192484,1.151519106431346
16.05,0.7,0.0,0.5699397608984269,0.11995526792016933,0.21642649577362746,0.9415354587291831,0.9033836217162687,1.1459230568081369,1.1525911923906047
16.1,0.7,0.0,0.5696903449742242,0.11979323731597125,0.21613819531735762,0.9424675196717971,0.9043760616393659,1.146938654161061,1.153651686068269
16.15,0.7,0.0,0.5694436767151115,0.11963302075120048,0.21585307922106012,0.9433898519803205,0.905358235871015,1.1479432770615594,1.154700703978997
16.2,0.7,0.0,0.5691997269765642,0.11947459848781627,0.21557111384583544,0.944302546350881,0.9063302378706881,1.1489370357909094,1.1557383616897177
16.25,0.7,0.0,0.5689584668994889,0.11931795098741856,0.21529226586897104,0.9452056928854706,0.9072921605441817,1.1499200397298015,1.1567647738213416
16.3,0.7,0.0,0.5687198679079178,0.1191630589096402,0.21501650228200817,0.9460993810895733,0.9082440962393398,1.150892397360193,1.1577800540506644
16.35,0.7,0.0,0.5684839017067107,0.11900990311054047,0.21474379038879038,0.9469836998699939,0.9091861367420193,1.1518542162673333,1.1587843151124562
16.4,0.7,0.0,0.5682505402792662,0.11885846464099986,0.21447409780349508,0.9478587375328871,0.9101183732723037,1.1528056031419527,1.1597776688017252
16.45,0.7,0.0,0.5680197558852429,0.11870872474511697,0.2142073924486492,0.948724581781976,0.9110408964809538,1.153746663782608,1.1607602259761503
16.5,0.7,0.0,0.5677915210582875,0.11856066485860775,0.21394364255312825,0.9495813197169625,0.9119537964460921,1.1546775030981886,1.1617320965586884
16.55,0.7,0.0,0.5675658086037747,0.11841426660720675,0.21368281665014335,0.9504290378321196,0.9128571626701129,1.1555982251105605,1.1626933895403264
16.6,0.7,0.0,0.5673425915965553,0.11826951180507285,0.21342488357521353,0.9512678220150588,0.9137510840768135,1.1565089329573601,1.1636442129829982
16.65,0.7,0.0,0.5671218433787139,0.11812638245319669,0.21316981246412672,0.9520977575456746,0.9146356490087423,1.1574097288949219,1.164584674022642
16.7,0.7,0.0,0.5669035375573367,0.11798486073781317,0.21291757275088938,0.9529189290952562,0.9155109452247561,1.1583007143013362,1.1655148788724006
16.75,0.7,0.0,0.5666876480022894,0.11784492902881691,0.21266813416566588,0.9537314207257623,0.9163770598977827,1.1591819896796383,1.1664349328259593
16.8,0.7,0.0,0.5664741488440056,0.11770656987818336,0.21242146673270937,0.9545353158892564,0.9172340796127805,1.1600536546611104,1.1673449402610094
16.85,0.7,0.0,0.566263014471284,0.11756976601839278,0.2121775407682828,0.9553306974274987,0.9180820903648954,1.1609158080087107,1.1682450046428434
16.9,0.7,0.0,0.5660542195290974,0.11743450036086095,0.2119363268785731,0.9561176475716837,0.918921177557808,1.161768547620608,1.1691352285280665
16.95,0.7,0.0,0.5658477389164119,0.11730075599437365,0.2116977959575995,0.9568962479423324,0.9197514260022583,1.1626119705338231,1.1700157135684226
17.0,0.7,0.0,0.5656435477840166,0.11716851618352794,0.21146191918511417,0.9576665795493142,0.9205729199147568,1.1634461729279768,1.170886560514734
17.05,0.7,0.0,0.5654416215323637,0.11703776436717735,0.21122866802449888,0.9584287227920243,0.9213857429164656,1.1642712501291348,1.171747869220943
17.1,0.7,0.0,0.5652419358094202,0.11690848415688503,0.2109980142206571,0.9591827574596781,0.9221899780322513,1.165087296613745,1.1725997386482563
17.15,0.7,0.0,0.5650444665085304,0.1167806593353818,0.21076992979790202,0.9599287627317441,0.9229857076899002,1.1658944060126688,1.1734422668693878
17.2,0.7,0.0,0.5648491897662886,0.1166542738550302,0.21054438705784123,0.9606668171785091,0.9237730137194993,1.166692671115296,1.1742755510728908
17.25,0.7,0.0,0.564656081960425,0.11652931183629728,0.2103213585772607,0.9613969987617483,0.9245519773529627,1.1674821838737401,1.1750996875675785
17.3,0.7,0.0,0.5644651197077007,0.11640575756623162,0.21010081720600526,0.9621193848355318,0.9253226792237221,1.1682630354071164,1.17591477178703
17.35,0.7,0.0,0.5642762798618154,0.11628359549694912,0.20988273606485874,0.9628340521471359,0.9260851993665549,1.1690353160058915,1.1767208982941737
17.4,0.7,0.0,0.5640895395113262,0.11616281024412496,0.209667088543424,0.9635410768380728,0.9268396172175595,1.1697991151363052,1.177518160785951
17.45,0.7,0.0,0.5639048759775784,0.11604338658549387,0.20945384829800293,0.9642405344452201,0.9275860116142672,1.170554521444858,1.1783066520980463
17.5,0.7,0.0,0.5637222668126473,0.11592530945935706,0.20924298924947696,0.9649324999020612,0.9283244607958907,1.1713016227628668,1.1790864642096905
17.55,0.7,0.0,0.5635416897972919,0.11580856396309724,0.20903448558118934,0.9656170475400272,0.9290550424037001,1.1720405061110748,1.179857688248525
17.6,0.7,0.0,0.5633631229389212,0.11569313535170181,0.20882831173682867,0.9662942510899293,0.9297778334815294,1.1727712577043268,1.1806204144955332
17.65,0.7,0.0,0.5631865444695711,0.11557900903629316,0.2086244424183153,0.9669641836834968,0.9304929104764038,1.1734939629562915,1.181374732390022
17.7,0.7,0.0,0.5630119328438943,0.115466170582668,0.208422852583691,0.9676269178549972,0.9312003492392826,1.17420870648424,1.1821207305346662
17.75,0.7,0.0,0.5628392667371617,0.11535460570984468,0.20822351744501028,0.9682825255429497,0.9319002250259267,1.1749155721138709,1.1828584967005955
17.8,0.7,0.0,0.5626685250432761,0.11524430028861841,0.20802641246623788,0.9689310780919227,0.9325926124978661,1.1756146428841787,1.18358811783254
17.85,0.7,0.0,0.5624996868727978,0.1151352403401256,0.20783151336114833,0.9695726462544152,0.9332775857234857,1.176306001052371,1.1843096800540134
17.9,0.7,0.0,0.5623327315509826,0.11502741203441656,0.20763879609123195,0.9702073001928135,0.9339552181792087,1.176989728098817,1.1850232686725402
17.95,0.7,0.0,0.562167638615832,0.11492080168903694,0.20744823686360486,0.9708351094814316,0.9346255827507854,1.1776659047320401,1.1857289681849243
18.0,0.7,0.0,0.5620043878161552,0.11481539576761793,0.2072598121289247,0.9714561431086179,0.93528875173468,1.1783346108937431,1.1864268622825545
18.05,0.7,0.0,0.5618429591096445,0.11471118087847534,0.20707349857931234,0.9720704694789397,0.9359447968395487,1.1789959257647253,1.1871170338576968
18.1,0.7,0.0,0.5616833326609622,0.11460814377321796,0.20688927314628072,0.9726781564154312,0.9365937891878122,1.179649927776339,1.1877995650159205
18.15,0.7,0.0,0.5615254888398393,0.11450627134536424,0.20670711299866834,0.9732792711619127,0.9372357993173177,1.180296694611504,1.1884745370769554
18.2,0.7,0.0,0.5613694082191889,0.11440555062896914,0.20652699554058176,0.9738738803853684,0.937870897183082,1.1809363032060025,1.18914203057586
18.25,0.7,0.0,0.561215071573229,0.11430596879725921,0.2063488984093438,0.9744620501783876,0.9384991521591226,1.181568829753648,1.1898021252684774
18.3,0.7,0.0,0.5610624598756205,0.11420751316127785,0.20617279947345057,0.9750438460616648,0.9391206330403638,1.182194349711494,1.1904549001369389
18.35,0.7,0.0,0.560911554297616,0.11411017116853905,0.20599867683053563,0.9756193329865557,0.9397354080446203,1.1828129378050694,1.1911004333951898
18.4,0.7,0.0,0.5607623362062216,0.11401393040169101,0.20582650880534265,0.976188575337686,0.9403435448146589,1.1834246680336262,1.1917388024945332
18.45,0.7,0.0,0.5606147871623716,0.11391877857718884,0.2056562739477062,0.9767516369356164,0.9409451104203251,1.184029613675398,1.192370084129185
18.5,0.7,0.0,0.5604688889191154,0.1138247035439776,0.20548795103054232,0.9773085810395485,0.9415401713607412,1.1846278472928742,1.192994354241839
18.55,0.7,0.0,0.5603246234198169,0.11373169328218358,0.2053215190478463,0.9778594703500874,0.9421287935665732,1.185219440738082,1.193611688029249
18.6,0.7,0.0,0.5601819727963665,0.11363973590181567,0.20515695721270127,0.9784043670120475,0.9427110424023565,1.1858044651578779,1.194222159947815
18.65,0.7,0.0,0.5600409193674061,0.11354881964147735,0.20499424495529586,0.9789433326172925,0.9432869826688832,1.1863829909992436,1.1948258437191752
18.7,0.7,0.0,0.5599014456365663,0.1134589328670863,0.204833361920951,0.9794764282076311,0.9438566786056511,1.1869550880145876,1.1954228123358024
18.75,0.7,0.0,0.5597635342907159,0.11337006407060532,0.2046742879681569,0.9800037142777422,0.9444201938933671,1.187520825267054,1.196013138066612
18.8,0.7,0.0,0.5596271681982249,0.1132822018687819,0.20451700316662064,0.9805252507781401,0.9449775916565024,1.1880802711358243,1.1965968924625585
18.85,0.7,0.0,0.5594923304072391,0.1131953350018981,0.2043614877953233,0.9810410971181773,0.9455289344659017,1.188633493321429,1.1971741463622423
18.9,0.7,0.0,0.5593590041439679,0.11310945233252992,0.20420772234058773,0.9815513121690767,0.946074284341443,1.189180558851053,1.1977449698975102
18.95,0.7,0.0,0.5592271728109847,0.11302454284431601,0.20405568749415792,0.9820559542670002,0.9466137027547394,1.1897215340838347,1.1983094324990526
19.0,0.7,0.0,0.5590968199855387,0.1129405956407364,0.20390536415128663,0.9825550812161485,0.9471472506318948,1.1902564847161756,1.198867602902004
19.05,0.7,0.0,0.5589679294178818,0.11285759994390124,0.20375673340883751,0.9830487502918832,0.9476749883562923,1.1907854757870238,1.1994195491515212
19.1,0.7,0.0,0.5588404850296049,0.11277554509334867,0.20360977656339546,0.983537018243881,0.9481969757714312,1.1913085716831697,1.1999653386083746
19.15,0.7,0.0,0.5587144709119891,0.11269442054485254,0.20346447510938934,0.9840199412993151,0.9487132721838032,1.1918258361445253,1.2005050379545166
19.2,0.7,0.0,0.5585898713243683,0.11261421586924004,0.20332081073722602,0.9844975751660558,0.9492239363658002,1.1923373322693935,1.2010387131986455
19.25,0.7,0.0,0.5584666706925046,0.11253492075121896,0.20317876533143583,0.984969975035896,0.9497290265586622,1.1928431225197345,1.2015664296817603
19.3,0.7,0.0,0.558344853606976,0.11245652498821467,0.20303832096883,0.9854371955877959,0.9502286004754588,1.1933432687264114,1.2020882520826979
19.35,0.7,0.0,0.5582244048215768,0.11237901848921608,0.2028994599166682,0.9858992909911541,0.9507227153041022,1.193837832094437,1.2026042444236662
19.4,0.7,0.0,0.5581053092517299,0.1123023912736328,0.20276216463084062,0.9863563149090842,0.9512114277103874,1.194326873208193,1.203114470075755
19.45,0.7,0.0,0.5579875519729122,0.11222663347015992,0.2026264177540593,0.9868083205017244,0.9516947938410648,1.1948104520366472,1.2036189917644347
19.5,0.7,0.0,0.5578711182190917,0.11215173531565435,0.20249220211406277,0.9872553604295455,0.9521728693269405,1.1952886279385482,1.204117871575041
19.55,0.7,0.0,0.5577559933811775,0.11207768715401942,0.20235950072183279,0.9876974868566877,0.9526457092859962,1.1957614596676103,1.2046111709582403
19.6,0.7,0.0,0.5576421630054815,0.1120044794350994,0.20222829676982298,0.9881347514543033,0.9531133683265387,1.196229005377675,1.205098950735476
19.65,0.7,0.0,0.5575296127921926,0.11193210271358402,0.2020985736301992,0.9885672054039105,0.9535759005503697,1.196691322627864,1.2055812711044014
19.7,0.7,0.0,0.5574183285938634,0.1118605476479219,0.20197031485309286,0.9889948994007618,0.954033359555976,1.1971484683877036,1.2060581916442865
19.75,0.7,0.0,0.5573082964139087,0.11178980499924364,0.2018435041648663,0.9894178836572207,0.9544857984417403,1.197600499042241,1.206529771321411
19.8,0.7,0.0,0.5571995024051163,0.11171986563029467,0.2017181254663905,0.9898362079061436,0.9549332698091683,1.1980474703971313,1.2069960684944274
19.85,0.7,0.0,0.55709193286817,0.11165072050437695,0.20159416283133558,0.990249921404275,0.9553758257661344,1.1984894376837103,1.2074571409197123
19.9,0.7,0.0,0.5569855742501845,0.11158236068430076,0.20147160050447233,0.9906590729356437,0.9558135179301431,1.1989264555640455,1.2079130457566898
19.95,0.7,0.0,0.5568804131432521,0.11151477733134528,0.20135042289998858,0.9910637108149656,0.9562463974316029,1.199358578135962,1.2083638395731295
20.0,0.7,0.0,0.5567764362830023,0.11144796170422856,0.2012306145998164,0.9914638828910556,0.9566745149171121,1.1997858589380501,1.2088095783504265
3.0,0.8,0.0,0.837369233747737,0.2883993936355785,0.48996409426438287,0.2667106960300527,0.22371591817714465,0.334788249570463,0.31119197324438824
3.05,0.8,0.0,0.8339365628180541,0.2864846819036129,0.4871526389781503,0.27172623952056263,0.22835763466237524,0.34113599389008326,0.317601987235493
3.1,0.8,0.0,0.8305292405258506,0.28457491774257765,0.48434176428894454,0.27678037222449947,0.23304402268541768,0.3475322916043763,0.3240679113197797
3.15,0.8,0.0,0.8271471257183327,0.2826702877695687,0.4815317922809831,0.28187239891410343,0.2377745237731692,0.353976132932776,0.3305886648410558
3.2,0.8,0.0,0.8237900778248294,0.2807709749851439,0.4787230419426318,0.28700161528229495,0.24254856670464842,0.360466477153801,0.33716312934411014
3.25,0.8,0.0,0.8204579568518308,0.2788771587738,0.4759158291198197,0.29216730835747784,0.24736556783803398,0.36700228573719595,0.3437901880986324
3.3,0.8,0.0,0.8171506233780883,0.27698901490639727,0.47311046647135585,0.29736875691627085,0.252224931439333,0.3735825178642155,0.35046872079191405
3.35,0.8,0.0,0.8138679385497751,0.2751067155444579,0.47030726342606066,0.30260523189389765,0.2571260500125434,0.3802060923594376,0.35719755839787554
3.4,0.8,0.0,0.8106097640757081,0.27323042924626556,0.4675065261416496,0.3078759967919624,0.26206830463114594,0.3868719131402773,0.3639755133340529
3.45,0.8,0.0,0.807375962222633,0.2713603209746874,0.4647085574652894,0.3131803080833919,0.26705106527080624,0.39357888945840375,0.37080140344551876
3.5,0.8,0.0,0.8041663958105706,0.269496552106651,0.4619136568957648,0.3185174156143029,0.2720736911431415,0.4003259232747803,0.37767403713482517
3.55,0.8,0.0,0.8009809282082269,0.2676392804442025,0.4591221205471874,0.32388656300258667,0.2771355310304424,0.407111876993095,0.3845921753672621
3.6,0.8,0.0,0.7978194233284661,0.265788660227074,0.4563342411141891,0.32928698803301293,0.28223592362121963,0.41393560989229466,0.391554574555543
3.65,0.8,0.0,0.7946817456238475,0.2639448421466944,0.4535503078385379,0.3347179230486699,0.28737419784647145,0.42079598836763593,0.39855999861047764
3.7,0.8,0.0,0.7915677600822262,0.2621079733615744,0.45077060647712347,0.34017859533855965,0.2925496732165651,0.4276918662233912,0.4056071958889886
3.75,0.8,0.0,0.7884773322224187,0.26027819751399844,0.4479954192712595,0.3456682275212035,0.2977616601586204,0.4346220642070154,0.4126948752552175
3.8,0.8,0.0,0.7854103280899326,0.2584556547479603,0.4452250249172543,0.35118603792409697,0.303009460354307,0.4415854068783114,0.41982174918914644
3.85,0.8,0.0,0.7823666142527622,0.2566404817282782,0.4424596985382032,0.3567312409588854,0.30829236707795127,0.44858072731859516,0.4269865392914374
3.9,0.8,0.0,0.779346057797249,0.2548328116608297,0.43969971165696303,0.36230304749212827,0.313609665534861,0.4556068429398167,0.43418794817393647
3.95,0.8,0.0,0.7763485263240082,0.25303277431384347,0.43694533217026676,0.3679006652115484,0.3189606331997722,0.46266254566916254,0.44142464805133
4.0,0.8,0.0,0.7733738879439217,0.2512404960401929,0.4341968243239447,0.3735232989876458,0.32434454015533276,0.4697466353741394,0.44869531956849185
4.05,0.8,0.0,0.7704220112741963,0.24945609980063096,0.4314544486892157,0.3791701512306016,0.3297606494305285,0.4768579218113891,0.45599865406606044
4.1,0.8,0.0,0.7674927654344899,0.24767970518791857,0.42871846214002496,0.3848404222423585,0.3352082173389601,0.48399519891480774,0.4633333238906717
4.15,0.8,0.0,0.764586020043104,0.24591142845178574,0.4259891178313957,0.3905333105638251,0.3406864938168839,0.4911572413594988,0.4706979784237931
4.2,0.8,0.0,0.7617016452132432,0.24415138252468024,0.4232666651787722,0.3962480133171151,0.34619472276092766,0.4983428344270719,0.4780912785586286
4.25,0.8,0.0,0.7588395115493424,0.24239967704825024,0.42055134983833686,0.40198372654277703,0.3517321423653842,0.505550774887471,0.48551189772068476
4.3,0.8,0.0,0.7559994901434609,0.2406564184005201,0.41784341368827727,0.4077396455319289,0.35729798545899694,0.5127798462266465,0.4929584934305766
4.35,0.8,0.0,0.7531814525717458,0.23892170972370463,0.41514309481099243,0.41351496515328456,0.36289147984113945,0.5200288167538434,0.5004297051283376
4.4,0.8,0.0,0.7503852708909615,0.23719565095262599,0.4124506274762223,0.4193088801750009,0.36851184861729513,0.527296467221479,0.5079241858726012
4.45,0.8,0.0,0.7476108176350885,0.23547833884368852,0.4097662421250909,0.4251205855813134,0.3741583105337404,0.5345815917246357,0.5154406033740115
4.5,0.8,0.0,0.7448579658119902,0.23376986700437014,0.4070901653550547,0.4309492768839349,0.37983008031133014,0.5418829759343713,0.5229776151436456
4.55,0.8,0.0,0.7421265889001474,0.23207032592319382,0.40442261990574946,0.43679415042818315,0.38552636897828785,0.5491993923345997,0.5305338630528998
4.6,0.8,0.0,0.7394165608454628,0.230379803000143,0.4017638246457324,0.4426544036938054,0.39124638420188784,0.5565296270248445,0.5381080039292268
4.65,0.8,0.0,0.7367277560581322,0.22869838257748484,0.39911399456011554,0.44852923559049374,0.39698933061893926,0.5638724812972661,0.5456987113554468
4.7,0.8,0.0,0.7340600494095855,0.227026145970968,0.3964733407390934,0.45441784674806485,0.40275441016493874,0.5712267548709442,0.5533046566225409
4.75,0.8,0.0,0.7314133162294956,0.22536317150136606,0.393842070367361,0.46031943980128887,0.40854082240181067,0.5785912348456401,0.5609244961796233
4.8,0.8,0.0,0.7287874323028571,0.22370953452633427,0.3912203867144314,0.46623321966935904,0.4143477648440874,0.5859647222347598,0.5685569017723776
4.85,0.8,0.0,0.7261822738671322,0.2220653074725533,0.38860848912585017,0.47215839382999225,0.4201744332834445,0.5933460347560596,0.5762005636114572
4.9,0.8,0.0,0.7235977176094661,0.22043055986813104,0.3860065730153188,0.4780941725881571,0.4260200221114455,0.6007339966385203,0.5838541788438397
4.95,0.8,0.0,0.7210336406639709,0.21880535837524176,0.38341482985772724,0.4840397693394163,0.43188372464039604,0.6081274202616566,0.5915164307879069
5.0,0.8,0.0,0.7184899206090775,0.21718976682297222,0.38083344718310874,0.48999440082788914,0.43776473342216504,0.6155251306857136,0.5991860166721001
5.05,0.8,0.0,0.7159664354649568,0.21558384624036128,0.37826260857152233,0.49595728739882405,0.4436622405648589,0.6229259708281026,0.6068616534873099
5.1,0.8,0.0,0.7134630636910082,0.21398765488960353,0.3757024936488711,0.5019276532457895,0.44957543804721944,0.6303287973566578,0.6145420733600999
5.15,0.8,0.0,0.7109796841834173,0.21240124829940266,0.3731532780836699,0.5079047266524772,0.4555035180306044,0.6377324592706272,0.6222259994275118
5.2,0.8,0.0,0.7085161762727807,0.21082467929845694,0.37061513358476844,0.513887740229114,0.4614456731684341,0.6451358142824726,0.6299121642863018
5.25,0.8,0.0,0.7060724197217991,0.20925799804905298,0.36808822790004214,0.5198759311435075,0.46740109691296183,0.6525377389093757,0.6375993213576048
5.3,0.8,0.0,0.7036482947230378,0.2077012520807608,0.36557272481606223,0.5258685413466972,0.47336898381922865,0.6599371277084223,0.6452862440274415
5.35,0.8,0.0,0.7012436818967549,0.20615448632420838,0.363068784158754,0.5318648177932401,0.47934852984608156,0.6673328771315342,0.652971707527601
5.4,0.8,0.0,0.6988584622887964,0.20461774314492528,0.3605765617950548,0.5378640126561169,0.4853389326541002,0.6747238861584091,0.660654489644721
5.45,0.8,0.0,0.6964925173685582,0.20309106237724125,0.35809620963558264,0.5438653835362774,0.4913393919003115,0.6821090726508106,0.6683333890718025
5.5,0.8,0.0,0.6941457290270148,0.20157448135822706,0.35562787563832526,0.5498681936668222,0.49734910952954137,0.6894873740191487,0.6760072261551661
5.55,0.8,0.0,0.691817979574814,0.2000680349616686,0.3531717038133601,0.5558717121118231,0.503367290062271,0.6968577410131639,0.6836748359478767
5.6,0.8,0.0,0.6895091517404371,0.19857175563205998,0.35072783422861276,0.561875213959802,0.5093931408788669,0.7042191238521558,0.691335052694766
5.65,0.8,0.0,0.6872191286684268,0.19708567341861222,0.34829640301666753,0.5678779805118475,0.5154258725000299,0.711570488732989,0.6989867282959581
5.7,0.8,0.0,0.6849477939176767,0.19560981600926003,0.34587754238263224,0.5738792994644095,0.5214646988633475,0.718910821975436,0.706628736942434
5.75,0.8,0.0,0.6826950314597884,0.19414420876466623,0.3434713806130696,0.5798784650867503,0.5275088375958007,0.7262391292802063,0.7142599742871877
5.8,0.8,0.0,0.6804607256774918,0.1926888747522116,0.341078042086,0.5858747783930687,0.5335575102820952,0.7335544233873764,0.7218793436802649
5.85,0.8,0.0,0.678244761363129,0.1912438347799628,0.3386976472819824,0.5918675473093151,0.5396099427286872,0.7408557254470186,0.7294857576960152
5.9,0.8,0.0,0.6760470237172019,0.18980910743061533,0.33633031279627706,0.5978560868346798,0.5456653652233708,0.7481420766565582,0.7370781511100931
5.95,0.8,0.0,0.6738673983469827,0.1883847090953993,0.3339761513520968,0.6038397191977951,0.5517230127902978,0.7554125386005026,0.744655481277104
6.0,0.8,0.0,0.6717057712651862,0.18697065400794735,0.3316352718149464,0.6098177740076327,0.55778212544031,0.7626661905612114,0.7522167251380508
6.05,0.8,0.0,0.669562028888704,0.18556695427811704,0.3293077792080546,0.615789588399116,0.5638419484164569,0.7699021179677995,0.7597608663714693
6.1,0.8,0.0,0.6674360580374,0.18417361992576023,0.32699377472889884,0.6217545071734702,0.5699017324345785,0.7771194219905856,0.7672869060630781
6.15,0.8,0.0,0.6653277459329666,0.18279065891443896,0.3246933557668215,0.6277118829332926,0.5759607339188437,0.7843172243426729,0.7747938680447393
6.2,0.8,0.0,0.6632369801978397,0.1814180771850782,0.3224066159217383,0.6336610762123884,0.5820182152321172,0.7914946671370836,0.7822807987341625
6.25,0.8,0.0,0.6611636488541744,0.18005587868955455,0.3201336450239319,0.6396014556003571,0.5880734449010687,0.7986509084436325,0.7897467622036741
6.3,0.8,0.0,0.6591076403228784,0.17870406542421413,0.31787452915493297,0.6455323978619594,0.5941256978358936,0.8057851154217446,0.7971908325596183
6.35,0.8,0.0,0.6570688434227029,0.17736263746331613,0.31562935066947584,0.6514532880512776,0.6001742555445698,0.81289647390371,0.8046121045728297
6.4,0.8,0.0,0.655047147369392,0.1760315929923969,0.31339818821852966,0.6573635196206853,0.6062184063415303,0.8199841900794097,0.8120096955460541
6.45,0.8,0.0,0.6530424417748869,0.17471092834155244,0.3111811167733913,0.6632624945246359,0.6122574455506834,0.8270474902878281,0.8193827450810858
6.5,0.8,0.0,0.6510546166465871,0.17340063801863312,0.3089782076508342,0.6691496233183032,0.6182906757026763,0.8340856164452605,0.82673041001667
6.55,0.8,0.0,0.6490835623866655,0.17210071474234614,0.3067895285393028,0.6750243252510888,0.6243174067263291,0.841097822450665,0.8340518604479166
6.6,0.8,0.0,0.6471291697914381,0.1708111494752641,0.3046151435261381,0.6808860283550147,0.630336956134163,0.8480833814573054,0.8413462877724052
6.65,0.8,0.0,0.6451913300507862,0.16953193145673295,0.3024551131258246,0.6867341695280311,0.6363486492019514,0.8550415865629366,0.8486129054520388
6.7,0.8,0.0,0.6432699347476328,0.16826304823567695,0.3003094943092442,0.6925681946122619,0.6423518191422218,0.861971750593439,0.8558509487716575
6.75,0.8,0.0,0.6413648758574679,0.16700448570329482,0.2981783405339184,0.698387558467219,0.6483458072716622,0.868873202696886,0.86305967107647
6.8,0.8,0.0,0.6394760457479268,0.16575622812564433,0.2960617017752272,0.7041917250380099,0.654329963172366,0.875745285634853,0.8702383407792411
6.85,0.8,0.0,0.6376033371784166,0.16451825817611057,0.2939596245585832,0.7099801674185731,0.6603036448468723,0.8825873610513976,0.8773862471746218
6.9,0.8,0.0,0.6357466432997925,0.16329055696775185,0.2918721519925444,0.7157523679099773,0.6662662188669595,0.8893988099162159,0.8845027009259223
6.95,0.8,0.0,0.6339058576540816,0.16207310408552197,0.28979932380284457,0.7215078180738157,0.6722170605161533,0.8961790323217612,0.8915870338387073
7.0,0.8,0.0,0.6320808741742535,0.16086587761836077,0.2877411763673196,0.7272460187807328,0.6781555539259263,0.9029274457012216,0.8986385968961701
7.05,0.8,0.0,0.6302715871840376,0.15966885419115104,0.28569774275171206,0.732966480254128,0.6840810922055494,0.9096434819756308,0.9056567571157699
7.1,0.8,0.0,0.6284778913977843,0.15848200899653647,0.283669052746324,0.7386687221090678,0.6899930775655956,0.9163265910581818,0.9126409014035496
7.15,0.8,0.0,0.626699681920371,0.15730531582659193,0.281655132903501,0.7443522733864749,0.6958909214350695,0.9229762413850101,0.9195904371353685
7.2,0.8,0.0,0.6249368542471513,0.1561387471043499,0.2796560065759194,0.7500166725825979,0.701774044572164,0.9295919197001591,0.9265047919172014
7.25,0.8,0.0,0.6231893042639457,0.15498227391516672,0.2776716939556501,0.7556614676738618,0.7076418771686389,0.9361731304769454,0.9333834129469338
7.3,0.8,0.0,0.6214569282470728,0.15383586603793337,0.275702212113976,0.7612862161371048,0.7134938589478339,0.9427193936532792,0.9402257645282455
7.35,0.8,0.0,0.6197396228634217,0.15269949197612007,0.27374757504193276,0.7668904849652796,0.7193294392563203,0.9492302459245727,0.9470313294836725
7.4,0.8,0.0,0.6180372851705623,0.15157311898865045,0.2718077936915477,0.7724738506786699,0.725148077149212,0.9557052415444744,0.953799610028258
7.45,0.8,0.0,0.6163498126168931,0.1504567131206009,0.2698828760177456,0.778035899331674,0.7309492414691647,0.9621439521021758,0.9605301275215279
7.5,0.8,0.0,0.614677103041827,0.14935023923371843,0.26797282702089587,0.7835762265152197,0.7367324109190798,0.9685459662843591,0.9672224222028225
7.55,0.8,0.0,0.6130190546760108,0.14825366103675297,0.2660776487899684,0.7890944373548667,0.7424970741285595,0.9749108891195282,0.9738760523673677
7.6,0.8,0.0,0.6113755661415805,0.14716694111559567,0.26419734054626925,0.7945901465046725,0.748242729714153,0.9812383415291976,0.9804905938738973
7.65,0.8,0.0,0.6097465364524504,0.14609004096322242,0.26233189868772816,0.8000629781368667,0.7539688863334224,0.9875279608404026,0.9870656406909342
7.7,0.8,0.0,0.6081318650146323,0.14502292100943115,0.2604813168337015,0.8055125659274238,0.7596750627329117,0.9937794006156004,0.9936008047055633
7.75,0.8,0.0,0.6065314516265885,0.14396554065037157,0.2586455858702662,0.8109385530375897,0.7653607877900364,0.9999923304186227,1.0000957154631231
7.8,0.8,0.0,0.6049451964796123,0.14291785827786035,0.2568246939959682,0.8163405920914342,0.7710256005489877,1.006166435613079,1.006550019944535
7.85,0.8,0.0,0.6033730001582392,0.1418798313084743,0.2550186267679964,0.8217183451495151,0.776669050250698,1.0123014174368337,1.0129633826632158
7.9,0.8,0.0,0.6018147636406851,0.14085141621241937,0.2532273671487506,0.8270714836787101,0.7822906963569427,1.0183969926113727,1.019335485223785
7.95,0.8,0.0,0.6002703882993102,0.13983256854216497,0.25145089555276834,0.8323996885183131,0.7878901085686636,1.0244528928969003,1.0256660258180281
8.0,0.8,0.0,0.5987397759011104,0.13882324296084375,0.2496891898939851,0.8377026498424551,0.7934668668385718,1.0304688648526292,1.0319547189584042
8.05,0.8,0.0,0.5972228286082302,0.13782339327040521,0.24794222563328788,0.842980067118948,0.7990205613781419,1.036444669599504,1.038201295214425
8.1,0.8,0.0,0.5957194489785009,0.1368329724395219,0.24620997582633838,0.8482316490646151,0.8045507926590579,1.0423800827873575,1.0444055011771607
8.15,0.8,0.0,0.5942295399659997,0.1358519326312403,0.2444924111716278,0.8534571135972082,0.8100571714092257,1.0482748955146077,1.0505671004865387
8.2,0.8,0.0,0.5927530049216296,0.13488022523037246,0.24278950005873484,0.8586561877839789,0.8155393186034319,1.0541289132292186,1.056685872606387
8.25,0.8,0.0,0.591289747593719,0.1339178008706205,0.24110120861675555,0.8638286077870085,0.8209968654487547,1.0599419549103113,1.0627616119126377
8.3,0.8,0.0,0.5898396721286399,0.1329646094614326,0.23942750076287256,0.8689741188053599,0.8264294533648284,1.0657138528302428,1.068794127429203
8.35,0.8,0.0,0.5884026830714425,0.13202060021457962,0.23776833825103222,0.8740924750141681,0.8318367339590691,1.07144445231875,1.0747832425661885
8.4,0.8,0.0,0.5869786853665074,0.1310857216704538,0.2361236807207022,0.8791834395007276,0.8372183689969638,1.0771336117422567,1.080728795096962
8.45,0.8,0.0,0.5855675843582112,0.13015992172407817,0.23449348574567566,0.8842467841976922,0.842574030367539,1.082781204037329,1.0866306388602065
8.5,0.8,0.0,0.5841692857916069,0.1292431476508265,0.2328777088828944,0.8892822898134598,0.8479034000441215,1.088387115482127,1.0924886423964753
8.55,0.8,0.0,0.5827836958131158,0.12833534613184583,0.23127630372125957,0.8942897457598442,0.853206170040511,1.0939512443540995,1.0983026874585289
8.6,0.8,0.0,0.5814107209712331,0.12743646327917924,0.2296892219304047,0.8992689500771169,0.8584820423626667,1.0994735006878311,1.1040726687427702
8.65,0.8,0.0,0.5800502682172408,0.1265464446605824,0.2281164133093967,0.9042197093565205,0.8637307289560567,1.1049538060448851,1.10979849363403
8.7,0.8,0.0,0.5787022449059326,0.12566523532403098,0.22655782583534306,0.9091418386603356,0.868951951648758,1.1103920933195095,1.1154800819901567
8.75,0.8,0.0,0.5773665587963447,0.12479277982191357,0.22501340571187237,0.9140351614396038,0.8741454420904626,1.1157883080964692,1.1211173676472965
8.8,0.8,0.0,0.5760431180524955,0.12392902223490743,0.22348309741746564,0.9188995094495929,0.8793109416874871,1.121142408991982,1.126710298797908
8.85,0.8,0.0,0.5747318312441294,0.12307390619553099,0.22196684375360817,0.9237347226631007,0.8844482015339348,1.1264543652453767,1.1322588353210192
8.9,0.8,0.0,0.5734326073474667,0.12222737491137277,0.22046458589274107,0.9285406491816872,0.8895569823391148,1.1317241563224183,1.137762948342622
8.95,0.8,0.0,0.5721453557459562,0.12138937118798925,0.21897626342598103,0.9333171451449331,0.8946370543513711,1.1369517716946067,1.1432226199911804
9.0,0.8,0.0,0.5708699862310308,0.12055983745147139,0.21750181441059072,0.938064074637813,0.8996881972784231,1.1421372106196983,1.148637843154541
9.05,0.8,0.0,0.569606409002865,0.11973871577067628,0.21604117541717072,0.9427813095962725,0.9047102002043708,1.1472804822116238,1.154008621557528
9.1,0.8,0.0,0.5683545346711317,0.11892594787911816,0.21459428157655344,0.9474687297111175,0.9097028615034746,1.1523816076548432,1.15933497221559
9.15,0.8,0.0,0.56711427425576,0.11812147519652091,0.21316106662637488,0.9521262223302789,0.914665988750851,1.1574406186459665,1.1646169237083355
9.2,0.8,0.0,0.5658855391876892,0.11732523885002498,0.2117414629573026,0.9567536823595737,0.9195993986302126,1.1624575556308592,1.169854514226512
9.25,0.8,0.0,0.5646682413096228,0.11653717969504895,0.21033540165890113,0.9613510121620321,0.9245029168387688,1.167432467579805,1.175047791323165
9.3,0.8,0.0,0.5634622928767758,0.1157572383358027,0.20894281256511124,0.9659181214558903,0.9293763779894387,1.172365411780973,1.180196811685122
9.35,0.8,0.0,0.5622676065576203,0.1149853551454512,0.20756362429932748,0.970454927211331,0.9342196255104784,1.17725645363551,1.1853016409063135
9.4,0.8,0.0,0.5610840954346228,0.11422147028592551,0.2061977643190518,0.9749613535460666,0.939032511542673,1.182105666782784,1.1903623536268917
9.45,0.8,0.0,0.5599116730049767,0.11346552372738157,0.20484515896010885,0.9794373316198475,0.9438148968342039,1.1869131354341582,1.1953790361191448
9.5,0.8,0.0,0.5587502531813269,0.11271745526730387,0.20350573348040327,0.9838827995279806,0.9485666506333239,1.1916789526569789,1.2003517843868214
9.55,0.8,0.0,0.5575997502924841,0.1119772045492536,0.20217941210320242,0.9882977021939472,0.9532876505789731,1.1964032186406777,1.2052807022446819
9.6,0.8,0.0,0.5564600790841325,0.1112447110812606,0.20086611805993265,0.9926819912612013,0.9579777825894358,1.201086040492197,1.2101659010923609
9.65,0.8,0.0,0.5553311547195249,0.11051991425385825,0.1995657736324696,0.9970356249842292,0.9626369407491887,1.2057275320466656,1.2150074997051685
9.7,0.8,0.0,0.5542128927801673,0.10980275335776098,0.19827830019491188,1.001358568118952,0.9672650271940404,1.2103278136799909,1.2198056240270398
9.75,0.8,0.0,0.5531052092664915,0.1090931676011834,0.19700361825482288,1.0056507918125595,0.9718619519946948,1.214887012171391,1.2245604070189253
9.8,0.8,0.0,0.552008020598515,0.1083910961268031,0.1957416474939302,1.009912273492834,0.976427633038845,1.2194052623842229,1.2292719905244747
9.85,0.8,0.0,0.5509212436164854,0.10769647802836416,0.19449230680826807,1.0141429967570694,0.9809619959119271,1.2238827075838297,1.2339405256236233
9.9,0.8,0.0,0.5498447955815131,0.10700925236692524,0.19325551434775542,1.0183429512606292,0.9854649737766323,1.2283194968174223,1.2385661697267407
9.95,0.8,0.0,0.5487785941761854,0.10632935818674967,0.19203118755519605,1.0225121326052484,0.9899365072513062,1.2327157845648413,1.2431490861881882
10.0,0.8,0.0,0.5477225575051665,0.10565673453084103,0.19081924320469318,1.0266505422271253,0.9943765442873339,1.2370717305685035,1.2476894441186912
10.05,0.8,0.0,0.5466766040957802,0.10499132045612301,0.18961959743946966,1.0307581872848919,0.9987850400456207,1.2413874996654406,1.2521874182000625
10.1,0.8,0.0,0.5456406528985736,0.10433305504826552,0.18843216580908373,1.03483508054753,1.0031619567722876,1.2456632616214631,1.2566431885023055
10.15,0.8,0.0,0.5446146232878639,0.10368187743615993,0.18725686330603689,1.038881240282284,1.007507263673662,1.2498991911374775,1.2610569404921013
10.2,0.8,0.0,0.5435984350622655,0.10303772680604126,0.1860936044017626,1.0428966901426666,1.0118209367906885,1.254095469902444,1.2654288673163874
10.25,0.8,0.0,0.5425920084451971,0.10240054241526403,0.1849423030819934,1.0468814590565836,1.0161029588728479,1.258252285691589,1.2697591688014218
10.3,0.8,0.0,0.5415952640853681,0.10177026360572784,0.18380287288149894,1.050835581114684,1.020353319251683,1.262369830411709,1.2740480492814457
10.35,0.8,0.0,0.5406081230572446,0.10114682981696059,0.1826752269181911,1.054759095458951,1.0245720137140286,1.266448299908062,1.2782957173855616
10.4,0.8,0.0,0.5396305068614926,0.10053018059885624,0.18155927792659246,1.058652046171635,1.0287590443750378,1.2704878938168918,1.2825023858753446
10.45,0.8,0.0,0.5386623374254006,0.09992025562407468,0.18045493829066503,1.0625144821645456,1.0329144195510866,1.2744888154201268,1.2866682714848963
10.5,0.8,0.0,0.5377035371032769,0.09931699470010052,0.17936212007599356,1.0663464570687964,1.037038153632665,1.2784512715022909,1.2907935947633606
10.55,0.8,0.0,0.5367540286768251,0.09872033778096848,0.17828073506132527,1.0701480291250265,1.0411302669573148,1.282375472234273,1.2948785799473659
10.6,0.8,0.0,0.5358137353554951,0.09813022497865535,0.17721069476946222,1.0739192610741668,1.045190785682715,1.2862616324824474,1.2989234564207222
10.65,0.8,0.0,0.53488258077681,0.09754659657414204,0.17615191049750542,1.0776602200487955,1.049219741659983,1.290109972391979,1.3029284593658699
10.7,0.8,0.0,0.5339604890066663,0.09696939302814933,0.17510429334644964,1.0813709774651308,1.0532171723072847,1.2939207150760723,1.3068938271925465
10.75,0.8,0.0,0.5330473845396111,0.09639855499154978,0.1740677542501309,1.0850516089157107,1.0571831204838056,1.2976940862865087,1.3108198011727985
10.8,0.8,0.0,0.5321431922990912,0.09583402331545954,0.17304220400352507,1.0887021940627992,1.0611176343641793,1.301430314289015,1.3147066253040913
10.85,0.8,0.0,0.531247837637677,0.09527573906101308,0.17202755329039898,1.0923228165325694,1.0650207673134289,1.305129629740795,1.3185545461748385
10.9,0.8,0.0,0.5303612463372587,0.09472364350882523,0.17102371271031738,1.0959135638100936,1.0688925777624911,1.3087922655702366,1.3223638128323485
10.95,0.8,0.0,0.5294833446092164,0.09417767816814256,0.17003059280500576,1.099474527135195,1.072733129084389,1.312418456858777,1.3261346766531825
11.0,0.8,0.0,0.5286140590945615,0.0936377847856901,0.16904810408407106,1.1030058013991781,1.0765424894711217,1.3160084407839476,1.3298673912818522
11.05,0.8,0.0,0.5277533168640511,0.0931039053542148,0.16807615705008627,1.1065074850424972,1.0803207318113186,1.3195624580318632,1.3335622142110888
11.1,0.8,0.0,0.5269010454182737,0.09257598212073131,0.16711466222303822,1.1099796799533757,1.0840679335687262,1.3230807527374755,1.3372194067174097
11.15,0.8,0.0,0.5260571726877055,0.09205395759447314,0.16616353016414478,1.1134224913674267,1.0877841766615788,1.3265635706613468,1.3408392318266042
11.2,0.8,0.0,0.5252216270327402,0.09153777455455415,0.16522267149904554,1.116836027768289,1.0914695473429035,1.3300111589963628,1.344421954100093
11.25,0.8,0.0,0.5243943372436872,0.09102737605734375,0.16429199694036875,1.1202204007893195,1.0951241360818127,1.3334237662673312,1.3479678395250438
11.3,0.8,0.0,0.5235752325407421,0.09052270544355967,0.16337141730968094,1.1235757251163694,1.0987480374458296,1.33680164223262,1.3514771554067568
11.35,0.8,0.0,0.5227642425739263,0.09002370634508423,0.1624608435588231,1.1269021183916557,1.102341349984296,1.3401450377878474,1.3549501702633286
11.4,0.8,0.0,0.5219612974229981,0.08953032269150611,0.1615601867906401,1.1301997011187763,1.1059041761128974,1.3434542048715996,1.3583871537225705
11.45,0.8,0.0,0.521166327597333,0.08904249871639391,0.16066935827910725,1.1334685965688667,1.1094366219993583,1.3467293963731737,1.361788376421177
11.5,0.8,0.0,0.5203792640357745,0.08856017896330508,0.15978826948886365,1.1367089306879365,1.1129387974503266,1.3499708663989798,1.3651541103062248
11.55,0.8,0.0,0.5196000381064534,0.08808330829153409,0.15891683209415172,1.1399208320053997,1.1164108157995143,1.3531788717167497,1.368484630257959
11.6,0.8,0.0,0.5188285816065785,0.08761183188160616,0.15805495799717884,1.143104431543812,1.119852793797088,1.356353670300637,1.371780212460227
11.65,0.8,0.0,0.5180648267621952,0.08714569524051832,0.15720255934589875,1.1462598627298441,1.1232648515003825,1.359495520584215,1.3750411335650374
11.7,0.8,0.0,0.5173087062279144,0.08668484420673542,0.15635954855122605,1.1493872613064913,1.1266471121659336,1.3626046813820165,1.3782676706070862
11.75,0.8,0.0,0.51656015308661,0.0862292249549428,0.15552583830368769,1.152486765246546,1.1299997021428798,1.3656814118134373,1.3814601009209075
11.8,0.8,0.0,0.5158191008490864,0.08577878400056214,0.15470134158952004,1.15555851466734,1.1333227507677484,1.3687259712284798,1.384618702060067
11.85,0.8,0.0,0.5150854834537153,0.08533346820403426,0.1538859717062193,1.158602651746767,1.1366163902606483,1.3717386191353234,1.3877437517183733
11.9,0.8,0.0,0.5143592352660404,0.08489322477487374,0.15307964227755144,1.1616193206405967,1.1398807556229027,1.3747196151297043,1.3908355276530986
11.95,0.8,0.0,0.5136402910783531,0.08445800127549932,0.15228226726803196,1.1646086674010911,1.1431159845361263,1.3776692188260913,1.3938943076101824
12.0,0.8,0.0,0.5129285861092359,0.08402774562484595,0.15149376099688117,1.167570839896928,1.146322217262776,1.3805876898369491,1.3969203693035472
12.05,0.8,0.0,0.512224056003076,0.08360240610176135,0.15071403815146409,1.1705059877344388,1.1494995965481902,1.3834752887687558,1.399913991539242
12.1,0.8,0.0,0.5115266368295484,0.08318193134819372,0.14994301380022482,1.173414262180165,1.1526482675241203,1.3863322771193722,1.4028754541024773
12.15,0.8,0.0,0.5108362650830668,0.08276627037217292,0.14918060340511907,1.1762958160847405,1.1557683776137904,1.3891589160815767,1.4058050364129688
12.2,0.8,0.0,0.5101528776822064,0.08235537255059187,0.14842672283355995,1.179150803808097,1.158860076438466,1.391955466432927,1.4087030174034503
12.25,0.8,0.0,0.5094764119690934,0.08194918763179077,0.14768128836987823,1.1819793811460029,1.1619235157255732,1.3947221884810626,1.41156967546057
12.3,0.8,0.0,0.5088068057087674,0.08154766573795041,0.1469442167263134,1.1847817052579277,1.164958849218343,1.397459342010572,1.4144052883675196
12.35,0.8,0.0,0.5081439970885099,0.0811507573672976,0.14621542505353585,1.187557934596235,1.1679662325870241,1.4001671862314324,1.4172101332483897
12.4,0.8,0.0,0.5074879247171464,0.080758413396128,0.1454948309507168,1.1903082288367108,1.1709458233416346,1.402845979728977,1.419984486514218
12.45,0.8,0.0,0.506838527624316,0.08037058508065094,0.14478235247514842,1.1930327488104095,1.1738977807462796,1.4054959804153866,1.4227286238107077
12.5,0.8,0.0,0.5061957452597121,0.07998722405865986,0.14407790815142674,1.1957316564368308,1.1768222657350307,1.4081174454826786,1.4254428199676044
12.55,0.8,0.0,0.5055595174922937,0.07960828235103341,0.14338141698020443,1.1984051146584132,1.1797194408293623,1.4107106313571813,1.4281273489497035
12.6,0.8,0.0,0.5049297846094671,0.07923371236307158,0.1426927984465232,1.2010532873763449,1.1825894700571515,1.4132757939908276,1.430782484188977
12.65,0.8,0.0,0.5043064873162387,0.07886346688567082,0.14201197252773268,1.203676339387682,1.1854325188732424,1.4158131896608788,1.4334084994920293
12.7,0.8,0.0,0.5036895667343385,0.07849749909634215,0.14133885970100754,1.2062744363237794,1.1882487540815605,1.418323073935712,1.4360056678721136
12.75,0.8,0.0,0.5030789644013147,0.07813576256007783,0.14067338095046827,1.20884774459001,1.1910383437587917,1.4208057013569966,1.4385742611918113
12.8,0.8,0.0,0.5024746222696005,0.07777821123006852,0.1400154577739171,1.2113964313067824,1.1938014571796005,1.4232613254043565,1.4411145501253477
12.85,0.8,0.0,0.5018764827055523,0.07742479944827792,0.13936501218919628,1.2139206642518368,1.1965382647434,1.4256901984613084,1.4436268041223048
12.9,0.8,0.0,0.5012844884884599,0.07707548194587605,0.13872196674017764,1.2164206118038163,1.1992489379026545,1.4280925717824549,1.4461112913727103
12.95,0.8,0.0,0.5006985828095291,0.07673021384353763,0.13808624450239249,1.2188964428871036,1.2019336490927142,1.430468695461903,1.448568278773471
13.0,0.8,0.0,0.5001187092708367,0.0763889506516075,0.13745776908830865,1.2213483269179157,1.2045925716631731,1.4328188184028994,1.4509980318961364
13.05,0.8,0.0,0.49954481188425864,0.0760516482701391,0.13683646465226623,1.2237764337516372,1.2072258798107351,1.4351431882886492,1.45340081495596
13.1,0.8,0.0,0.49897683507037177,0.0757182629888083,0.1362222558950784,1.226180933631392,1.209833748513583,1.4374420515543027,1.4557768907822393
13.15,0.8,0.0,0.49841472365732764,0.07538875148670646,0.13561506806830448,1.2285619971378394,1.2124163534672419,1.439715653360093,1.4581265207899126
13.2,0.8,0.0,0.497858422879702,0.07506307083201781,0.13501482697820744,1.2309197951401798,1.2149738710219171,1.441964237569476,1.4604499649568026
13.25,0.8,0.0,0.4973078783773171,0.07474117848158363,0.13442145898939956,1.233254498748356,1.2175064781213043,1.4441880471450952,1.46274748227662
13.3,0.8,0.0,0.49676303619403905,0.07442303228035708,0.13383489102818796,1.2355662792664488,1.2200143522428508,1.4463873244708947,1.4650193311278097
13.35,0.8,0.0,0.4962238427765502,0.07410859046075294,0.13325505058562614,1.2378553081472379,1.222497671339458,1.4485623105800125,1.4672657683962864
13.4,0.8,0.0,0.49569024497309594,0.07379781164189475,0.1326818657202795,1.2401217569479308,1.2249566137826138,1.4507132450435294,1.4694870493506822
13.45,0.8,0.0,0.49516219003220807,0.07349065482876384,0.13211526506071408,1.2423657972870354,1.2273913583069316,1.4528403659524813,1.471683427623752
13.5,0.8,0.0,0.4946396256014035,0.07318707941125334,0.13155517780771467,1.2445876008023635,1.2298020839560908,1.4549439099008086,1.4738551551947965
13.55,0.8,0.0,0.4941224997258591,0.07288704516312994,0.1310015337362409,1.2467873391101585,1.2321889700301596,1.4570241119692235,1.4760024823730844
13.6,0.8,0.0,0.4936107608470635,0.07259051224090754,0.13045426319712858,1.2489651837653253,1.2345521960342791,1.459081205709971,1.4781256577822441
13.65,0.8,0.0,0.4931043578014464,0.07229744118263584,0.1299132971185444,1.251121306222747,1.2368919416286985,1.4611154231324663,1.4802249283456062
13.7,0.8,0.0,0.49260323981898413,0.0720077929066064,0.12937856700719974,1.2532558777996858,1.2392083865801444,1.4631269946897962,1.4823005392724828
13.75,0.8,0.0,0.49210735652178433,0.07172152870998029,0.12885000494933294,1.2553690696392346,1.2415017107145032,1.465116149266049,1.4843527340453477
13.8,0.8,0.0,0.49161665792264797,0.07143861026733982,0.12832754361146526,1.257461052674818,1.2437720938708026,1.4670831141644725,1.4863817544079114
13.85,0.8,0.0,0.4911310944236104,0.07115899962916689,0.12781111624093908,1.2595319975957262,1.246019715856471,1.4690281150964284,1.4883878403540574
13.9,0.8,0.0,0.49065061681446154,0.070882659220252,0.12730065666624457,1.2615820748136595,1.2482447564038615,1.4709513761711284,1.4903712301176275
13.95,0.8,0.0,0.4901751762712451,0.07060955183803636,0.12679609929714106,1.2636114544302708,1.2504473951280202,1.4728531199527755,1.4923321602393302
14.0,0.8,0.0,0.4897047243547381,0.07033964065088853,0.12629737912458092,1.2656203062056972,1.2526278114856777,1.4747335679330502,1.4942708661091393
14.05,0.8,0.0,0.48923921300891043,0.07007288919632144,0.1258044317204419,1.2676087995280516,1.2547861847354487,1.476592940211945,1.4961875816022643
14.1,0.8,0.0,0.48877859455936523,0.06980926137914895,0.1253171932370746,1.2695771033838739,1.2569226938992208,1.4784314552063973,1.4980825387469057
14.15,0.8,0.0,0.48832282171176034,0.0695487214695871,0.12483560040667102,1.2715253863295124,1.2590375177247117,1.480249329643369,1.4999559677176306
14.2,0.8,0.0,0.4878718475502111,0.06929123410130168,0.12435959054046057,1.2734538164634266,1.2611308346491783,1.482046778555654,1.5018080968318253
14.25,0.8,0.0,0.4874256255356757,0.0690367642694044,0.12388910152774034,1.275362561399398,1.2632028227642542,1.4838240152782873,1.5036391525467947
14.3,0.8,0.0,0.4869841095043221,0.06878527732840069,0.1234240718347442,1.2772517882406251,1.2652536597819042,1.4855812514455453,1.5054493594574947
14.35,0.8,0.0,0.4865472536658786,0.06853673899009127,0.12296444050335818,1.2791216635546911,1.2672835230014672,1.4873186969885213,1.5072389402948765
14.4,0.8,0.0,0.4861150126019669,0.06829111532142951,0.12251014714968606,1.2809723533493922,1.2692925892777782,1.4890365601332562,1.5090081159248299
14.45,0.8,0.0,0.4856873412644196,0.06804837274233755,0.12206113196247291,1.2828040230494024,1.2712810349903394,1.4907350473994125,1.5107571053477018
14.5,0.8,0.0,0.4852641949735812,0.06780847802348274,0.12161733570139018,1.2846168374737656,1.273249036013531,1.4924143635994755,1.5124861256983775
14.55,0.8,0.0,0.48484552941659376,0.06757139828401675,0.12117869969518832,1.2864109608141985,1.2751967676878402,1.4940747118384632,1.5141953922469096
14.6,0.8,0.0,0.48443130064566786,0.0673371009892799,0.12074516583972333,1.288186556614181,1.27712440479208,1.495716293514137,1.515885118399672
14.65,0.8,0.0,0.48402146507633864,0.06710555394847198,0.12031667659586034,1.2899437877488358,1.2790321215165956,1.4973393083176896,1.517555515701028
14.7,0.8,0.0,0.4836159794857078,0.06687672531229223,0.1198931749872609,1.2916828164055576,1.280920091437422,1.4989439542349035,1.5192067938354943
14.75,0.8,0.0,0.4832148010106717,0.06665058357055008,0.11947460459805814,1.2934038040654015,1.2827884874913873,1.5005304275477584,1.5208391606303855
14.8,0.8,0.0,0.4828178871461365,0.06642709754974854,0.1190609095704246,1.2951069114851936,1.2846374819521367,1.5020989229098622,1.5224528221434956
14.85,0.8,0.0,0.48242519574321996,0.06620623641064241,0.11865203460203784,1.2967922986803657,1.286467246407056,1.5036496336392775,1.5240479830013014
14.9,0.8,0.0,0.4820366850074412,0.0659879696457724,0.1182479249434479,1.2984601249084875,1.288277951735082,1.505182751447041,1.5256248460867423
14.95,0.8,0.0,0.48165231349689813,0.06577226707697795,0.11784852639535126,1.3001105486534863,1.2900697680853797,1.5066984663196257,1.5271836124043852
15.0,0.8,0.0,0.4812720401204334,0.06555909885288927,0.11745378530577572,1.301743727610539,1.2918428648568625,1.5081969665237658,1.5287244810865828
15.05,0.8,0.0,0.48089582413578913,0.06534843544640094,0.11706364856718021,1.3033598186716238,1.2935974106785468,1.5096784386116724,1.5302476494000392
15.1,0.8,0.0,0.4805236251477508,0.06514024765212865,0.11667806361347405,1.3049589779117081,1.295333573390714,1.5111430674265671,1.531753312752713
15.15,0.8,0.0,0.4801554031062812,0.06493450658385058,0.11629697841695946,1.3065413605755714,1.2970515200268644,1.5125910361085317,1.5332416647010414
15.2,0.8,0.0,0.4797911183046435,0.0647311836719342,0.11592034148520063,1.3081071210652386,1.2987514167964511,1.5140225261006564,1.534712896957482
15.25,0.8,0.0,0.47943073137751596,0.06453025066075134,0.11554810185782444,1.3096564129280137,1.300433429068369,1.515437717155478,1.5361671993983497
15.3,0.8,0.0,0.47907420329909656,0.06433167960608142,0.11518020910325512,1.3111893888451005,1.302097721355184,1.5168367873416981,1.5376047600719434
15.35,0.8,0.0,0.4787214953811996,0.06413544287250544,0.11481661331538814,1.3127062006207946,1.3037444572980856,1.518219913051166,1.5390257652069477
15.4,0.8,0.0,0.4783725692713435,0.06394151313079112,0.1144572651102044,1.3142069991722336,1.3053737996525485,1.5195872690061212,1.5404303992211028
15.45,0.8,0.0,0.4780273869508308,0.0637498633552711,0.11410211562233102,1.3156919345196947,1.3069859102746781,1.520939028266681,1.5418188447301209
15.5,0.8,0.0,0.47768591073282113,0.06356046682121502,0.11375111650154957,1.3171611557774217,1.3085809501082357,1.5222753622385679,1.5431912825568537
15.55,0.8,0.0,0.4773481032603963,0.06337329710219707,0.11340421990925621,1.3186148111449705,1.3101590791723159,1.52359644068106,1.544547891740685
15.6,0.8,0.0,0.47701392750461896,0.06318832806745908,0.11306137851487674,1.3200530478990662,1.311720456549667,1.5249024317151607,1.5458888495471486
15.65,0.8,0.0,0.4766833467625855,0.0630055338792727,0.11272254549223956,1.3214760123859437,1.3132652403756324,1.5261935018319759,1.5472143314777538
15.7,0.8,0.0,0.47635632465547195,0.0628248889902982,0.11238767451590866,1.3228838500141782,1.3147935878277062,1.5274698159012896,1.5485245112800163
15.75,0.8,0.0,0.476032825126575,0.06264636814094397,0.112056719757481,1.3242767052479822,1.3163056551156782,1.5287315371803294,1.5498195609576773
15.8,0.8,0.0,0.47571281243934777,0.06246994635672659,0.11172963588184956,1.3256547216009522,1.3178015974723587,1.529978827341368,1.5510996508027737
15.85,0.8,0.0,0.47539625117543044,0.062295598945632136,0.11140637804343596,1.3270180416302666,1.3192815691448656,1.5312118466444893,1.552364949596274
15.9,0.8,0.0,0.4750831062326768,0.06212330149547968,0.11108690188239412,1.3283668069313161,1.3207457233864612,1.532430753856236,1.553615624513553
15.95,0.8,0.0,0.4747733428231763,0.06195302987128831,0.11077116352078804,1.3297011581327511,1.3221942124489225,1.533635706150643,1.554851841009385
16.0,0.8,0.0,0.47446692647127264,0.061784760212648934,0.11045911955874665,1.331021234891939,1.32362718757543,1.5348268591182455,1.5560737628283143
16.05,0.8,0.0,0.4741638230115789,0.06161846893109973,0.11015072707059667,1.3323271758908262,1.3250447989939638,1.5360043667765013,1.5572815520166403
16.1,0.8,0.0,0.47386399858698963,0.061454132707508866,0.10984594360097719,1.3336191188321769,1.3264471959111899,1.53716838158032,1.5584753689345072
16.15,0.8,0.0,0.4735674196466902,0.06129172848946244,0.10954472716093731,1.3348972004361987,1.327834526506825,1.538319054432699,1.5596553722680913
16.2,0.8,0.0,0.47327405294416375,0.061131233488660605,0.10924703622401921,1.3361615564375269,1.329206937928466,1.5394565346954479,1.560821719041872
16.25,0.8,0.0,0.4729838655351964,0.06097262517832114,0.10895282972232856,1.3374123215825673,1.3305645762868716,1.5405809702000108,1.5619745646309902
16.3,0.8,0.0,0.47269682477588043,0.06081588129059191,0.10866206704259461,1.3386496296271844,1.3319075866516823,1.5416925072583663,1.5631140627736775
16.35,0.8,0.0,0.47241289832061634,0.060660979813972324,0.10837470802222136,1.3398736133347229,1.3332361130475656,1.542791290674003,1.5642403655837558
16.4,0.8,0.0,0.47213205412011366,0.06050789899074477,0.10809071294533204,1.3410844044743573,1.3345502984507762,1.5438774637529724,1.5653536235632004
16.45,0.8,0.0,0.4718542604193913,0.06035661731441648,0.1078100425388084,1.3422821338197544,1.3358502847861167,1.5449511683149986,1.5664539856147544
16.5,0.8,0.0,0.47157948575577757,0.060207113527172645,0.10753265796832687,1.3434669311480405,1.3371362129242876,1.5460125447046538,1.5675415990545987
16.55,0.8,0.0,0.4713076989569092,0.06005936661734038,0.10725852083439243,1.3446389252390734,1.3384082226796175,1.5470617318025837,1.5686166096250624
16.6,0.8,0.0,0.4710388691387323,0.059913355816865695,0.10698759316837333,1.345798243874989,1.339666452808154,1.5480988670367826,1.569679161507372
16.65,0.8,0.0,0.4707729657035017,0.05976906059880184,0.10671983742853591,1.3469450138400414,1.3409110410061174,1.549124086393913,1.5707293973344363
16.7,0.8,0.0,0.4705099583377832,0.05962646067481174,0.10645521649608353,1.3480793609206996,1.3421421239086915,1.5501375244306619,1.5717674582036547
16.75,0.8,0.0,0.47024981701045526,0.059485535992683136,0.10619369367119882,1.349201409906013,1.34335983708915,1.551139314285128,1.5727934836897517
16.8,0.8,0.0,0.4699925119707128,0.059346266733857476,0.10593523266909168,1.3503112845882317,1.3445643150583102,1.5521295876882442,1.573807611857629
16.85,0.8,0.0,0.4697380137460726,0.05920863331097381,0.10567979761605457,1.3514091077636619,1.3457556912642892,1.5531084749752186,1.5748099792752257
16.9,0.8,0.0,0.4694862931403807,0.059072616365426225,0.10542735304552568,1.3524950012337693,1.3469340980925715,1.5540761050969953,1.5758007210263936
16.95,0.8,0.0,0.46923732123182166,0.05893819676493706,0.10517786389416116,1.3535690858065035,1.3480996668663632,1.5550326056317332,1.5767799707237693
17.0,0.8,0.0,0.46899106937093055,0.05880535560114491,0.10493129549791826,1.3546314812978464,1.3492525278472316,1.5559781027962936,1.577747860521651
17.05,0.8,0.0,0.46874750917860747,0.058674074187208304,0.10468761358814943,1.3556823065335737,1.350392810236018,1.5569127214580536,1.5787045211292383
17.1,0.8,0.0,0.4685066125441354,0.05854433405542538,0.10444678428770995,1.356721679351224,1.3515206421740096,1.5578365851896052,1.5796500818739796
17.15,0.8,0.0,0.46826835162320074,0.05841611695486964,0.1042087741070779,1.3577497166022634,1.3526361507443738,1.558749816320447,1.5805846707613918
17.2,0.8,0.0,0.4680326988359175,0.05828940484904193,0.10397354994048957,1.3587665341544457,1.3537394619738325,1.559652535867007,1.5815084143926808
17.25,0.8,0.0,0.46779962686485566,0.05816417991353936,0.1037410790620902,1.3597722468943556,1.3548307008345752,1.5605448635335912,1.5824214379652368
17.3,0.8,0.0,0.46756910865307266,0.058040424533741024,0.1035113291221007,1.3607669687301296,1.3559099912464012,1.5614269177242055,1.5833238652858272
17.35,0.8,0.0,0.46734111740214956,0.057918121302510533,0.10328426814300175,1.3617508125943512,1.3569774560790828,1.5622988155543558,1.5842158187837516
17.4,0.8,0.0,0.46711562657023153,0.05779725301791605,0.1030598645157357,1.3627238904471088,1.3580332171549405,1.5631606728628091,1.5850974195239456
17.45,0.8,0.0,0.46689260987007286,0.05767780268096796,0.10283808699592746,1.363686313279214,1.3590773952516209,1.564012604223332,1.5859687872200425
17.5,0.8,0.0,0.4666720412670866,0.057559753493373604,0.10261890470012405,1.3646381911155738,1.360110110105075,1.5648547229563892,1.5868300402473865
17.55,0.8,0.0,0.46645389497739975,0.05744308885531041,0.10240228710205518,1.3655796330187053,1.3611314804127244,1.5656871411408073,1.5876812956559891
17.6,0.8,0.0,0.4662381454659131,0.05732779236321642,0.10218820402891385,1.3665107470923985,1.362141623836807,1.5665099696253988,1.5885226691834367
17.65,0.8,0.0,0.46602476744436666,0.057213847807599055,0.10197662565765823,1.3674316404855102,1.3631406570079023,1.5673233180405424,1.5893542752677359
17.7,0.8,0.0,0.4658137358694112,0.05710123917086236,0.10176752251133596,1.3683424193958849,1.3641286955286227,1.5681272948097214,1.5901762270601048
17.75,0.8,0.0,0.4656050259406848,0.05698995062515159,0.10156086545543025,1.3692431890744101,1.3651058539774623,1.568922007161016,1.5909886364376993
17.8,0.8,0.0,0.46539861309889585,0.05687996653021725,0.10135662569422924,1.3701340538291784,1.3660722459128096,1.5697075611385465,1.5917916140162807
17.85,0.8,0.0,0.46519447302391237,0.05677127143129652,0.10115477476721882,1.3710151170297755,1.3670279838770967,1.5704840616138644,1.592585269162811
17.9,0.8,0.0,0.4649925816328573,0.056663850057014055,0.10095528454549904,1.3718864811116684,1.3679731794011,1.5712516122972968,1.593369710007992
17.95,0.8,0.0,0.46479291507821047,0.056557687317300494,0.10075812722822487,1.3727482475807027,1.3689079430083737,1.5720103157492313,1.5941450434587237
18.0,0.8,0.0,0.46459544974591743,0.056452768301330135,0.10056327533907176,1.373600517017699,1.3698323842198112,1.5727602733913493,1.594911375210503
18.05,0.8,0.0,0.4644001622535049,0.05634907827547718,0.10037070172272626,1.374443389083142,1.3707466115583307,1.5735015855177987,1.5956688097597442
18.1,0.8,0.0,0.4642070294482032,0.05624660268129005,0.1001803795414016,1.3752769625219632,1.3716507325536844,1.5742343513063122,1.5964174504160278
18.15,0.8,0.0,0.46401602840507616,0.05614532713348527,0.09999228227137963,1.3761013351684062,1.3725448537473746,1.5749586688292614,1.597157399314275
18.2,0.8,0.0,0.4638271364251581,0.05604523741795926,0.09980638369957807,1.3769166039509775,1.3734290806976814,1.575674635064651,1.5978887574268457
18.25,0.8,0.0,0.46364033103359814,0.05594631948981929,0.09962265792014453,1.377722864897472,1.3743035179847902,1.5763823459070523,1.5986116245755597
18.3,0.8,0.0,0.46345558997781244,0.055848559471432524,0.09944107933107671,1.3785202131400756,1.3751682692160192,1.5770818961784658,1.5993260994436393
18.35,0.8,0.0,0.4632728912256439,0.0557519436504948,0.09926162263086966,1.3793087429205304,1.3760234370311368,1.5777733796391276,1.6000322795875708
18.4,0.8,0.0,0.46309221296353,0.05565645847811668,0.09908426281518959,1.3800885475953775,1.3768691231077708,1.5784568889982415,1.6007302614488856
18.45,0.8,0.0,0.4629135335946781,0.055562090566929206,0.09890897517357498,1.38085971964125,1.3777054281668952,1.5791325159246488,1.6014201403658646
18.5,0.8,0.0,0.4627368317372496,0.05546882668920776,0.09873573528616533,1.3816223506602316,1.3785324519784021,1.579800351057425,1.6021020105851498
18.55,0.8,0.0,0.46256208622255185,0.05537665377501442,0.09856451902045676,1.3823765313852698,1.3793502933667412,1.5804604840164116,1.602775965273283
18.6,0.8,0.0,0.4623892760932383,0.0552855589103592,0.09839530252808557,1.3831223516856386,1.3801590502166345,1.5811130034126732,1.6034420965281537
18.65,0.8,0.0,0.4622183806015176,0.05519552933537903,0.09822806224163932,1.3838599005724523,1.3809588194788567,1.5817579968588882,1.6041004953903653
18.7,0.8,0.0,0.4620493792073707,0.055106552442535976,0.09806277487149596,1.3845892662042214,1.3817496971760737,1.5823955509796621,1.6047512518545124
18.75,0.8,0.0,0.46188225157677726,0.05501861577483315,0.09789941740269072,1.3853105358924527,1.3825317784087412,1.583025751421771,1.605394454880375
18.8,0.8,0.0,0.46171697757995017,0.05493170702404921,0.09773796709181051,1.3860237961072897,1.383305157361061,1.583648682864717,1.6060301924044769
18.85,0.8,0.0,0.4615535372895794,0.05484581402899072,0.09757840146391722,1.3867291324831876,1.3840699273069819,1.5842644290486896,1.6066585513721419
18.9,0.8,0.0,0.46139191097908455,0.05476092477376322,0.09742069830949808,1.3874266298246183,1.3848261806162532,1.5848730727907832,1.6072796177557191
18.95,0.8,0.0,0.46123207912087677,0.05467702738605933,0.09726483568144498,1.3881163721118166,1.3855740087605173,1.5854746959696422,1.607893476535638
19.0,0.8,0.0,0.46107402238462947,0.05459411013546604,0.09711079189206115,1.3887984425065396,1.3863135023194457,1.586069379533399,1.6085002117088825
19.05,0.8,0.0,0.4609177216355583,0.05451216143178873,0.09695854551009624,1.3894729233578653,1.3870447509869133,1.58665720350959,1.6090999062998028
19.1,0.8,0.0,0.4607631579327105,0.05443116982339372,0.09680807535780958,1.3901398962080052,1.3877678435772007,1.5872382470149904,1.6096926423708282
19.15,0.8,0.0,0.460610312527264,0.054351123995568046,0.09665936050806133,1.3907994417981393,1.388482868031235,1.5878125882653684,1.6102785010330876
19.2,0.8,0.0,0.46045916686083493,0.05427201276889683,0.09651238028143144,1.3914516400742756,1.389189911422854,1.5883803045851612,1.6108575624569341
19.25,0.8,0.0,0.46030970256379594,0.05419382509765869,0.09636711424336708,1.3920965701931107,1.3898890599650962,1.5889414724170638,1.6114299058823787
19.3,0.8,0.0,0.460161901453603,0.05411655006823743,0.09622354220135756,1.3927343105279228,1.3905803990165142,1.5894961673315424,1.6119956096294241
19.35,0.8,0.0,0.4600157455331323,0.054040176897551945,0.09608164420213719,1.3933649386744615,1.3912640130875096,1.5900444640362612,1.6125547511083091
19.4,0.8,0.0,0.45987121698902717,0.053964694931503,0.09594140052891607,1.3939885314568519,1.3919399858466799,1.5905864363854298,1.6131074068296554
19.45,0.8,0.0,0.45972829819005406,0.053890093643436686,0.09580279169863865,1.3946051649335092,1.3926084001271852,1.5911221573890713,1.613653652414522
19.5,0.8,0.0,0.45958697168546864,0.05381636263262517,0.09566579845926931,1.395214914403054,1.393269337933127,1.5916516992222038,1.6141935626043658
19.55,0.8,0.0,0.4594472202033919,0.05374349162276403,0.09553040178710608,1.395817854410234,1.393922880445934,1.5921751332339455,1.6147272112709066
19.6,0.8,0.0,0.4593090266491961,0.0536714704604863,0.0953965828841219,1.3964140587518497,1.3945691080307567,1.5926925299565329,1.6152546714259002
19.65,0.8,0.0,0.45917237410390027,0.05360028911389345,0.09526432317533234,1.3970036004826696,1.3952081002428702,1.593203959114264,1.6157760152308183
19.7,0.8,0.0,0.4590372458225761,0.05352993767110185,0.09513360430619115,1.397586551921362,1.3958399358340787,1.5937094896323538,1.616291314006435
19.75,0.8,0.0,0.45890362523276385,0.053460406338806464,0.09500440814001289,1.3981629846564054,1.3964646927591207,1.5942091896457147,1.6168006382423183
19.8,0.8,0.0,0.45877149593289807,0.053391685440860474,0.09487671675542225,1.3987329695520048,1.3970824481820743,1.5947031265076492,1.617304057606233
19.85,0.8,0.0,0.4586408416907434,0.0533237654168704,0.09475051244382995,1.399296576754001,1.397693278482763,1.5951913667984718,1.6178016409534508
19.9,0.8,0.0,0.4585116464418408,0.05325663682080801,0.09462577770693599,1.3998538756957672,1.3982972592631528,1.5956739763340364,1.6182934563359646
19.95,0.8,0.0,0.45838389428796367,0.05319029031963737,0.09450249525425869,1.4004049351041004,1.3988944653537476,1.5961510201741973,1.618779571011616
20.0,0.8,0.0,0.4582575694955841,0.05312471669195785,0.0943806480006903,1.4009498230051016,1.3994849708199746,1.5966225626311819,1.6192600514531308
3.0,0.9,0.0,0.7753626465256578,0.2524394200058187,0.4360360704656253,0.36975666134101326,0.32073683147877174,0.4650013150419087,0.4438244853557179
3.05,0.9,0.0,0.7716541912053547,0.2502016493039562,0.4326009805083008,0.37680485072756253,0.3274909069959885,0.4738796263532343,0.4529393563342161
3.1,0.9,0.0,0.7679705849630221,0.2479698546342954,0.42916575069429413,0.38391092941778093,0.3343146168406187,0.48282547658291697,0.4621309383027141
3.15,0.9,0.0,0.7643116953076797,0.2457442649668271,0.4257307973865705,0.3910739993706285,0.3412072642440923,0.49183726592155674,0.47139747184194775
3.2,0.9,0.0,0.7606773904373906,0.24352510544530717,0.4222965349620738,0.39829314720016695,0.34816812996934643,0.5009133829920303,0.4807371837926903
3.25,0.9,0.0,0.7570675392337731,0.24131259739128133,0.41886337575703614,0.40556744460384797,0.35519647254059106,0.5100522117132672,0.4901482952552131
3.3,0.9,0.0,0.7534820112565384,0.23910695830972117,0.41543173001204553,0.4128959487889803,0.3622915284787883,0.5192520691293395,0.4996289502233166
3.35,0.9,0.0,0.7499206767380536,0.23690840189616028,0.41200200581674734,0.4202777028972826,0.36945251254309086,0.5285112525534731,0.5091772696907874
3.4,0.9,0.0,0.7463834065779298,0.23471713804521746,0.4085746090540601,0.4277117364274541,0.37667861797850544,0.5378280627164795,0.5187913782504883
3.45,0.9,0.0,0.7428700723376346,0.23253337286039202,0.4051499433438017,0.435197065655748,0.3839690167700369,0.5472007458640278,0.5284693379876437
3.5,0.9,0.0,0.7393805462351327,0.23035730866503026,0.4017284099856243,0.442732694054504,0.3913228599035885,0.5566275181376799,0.5382091763082819
3.55,0.9,0.0,0.7359147011395497,0.22818914401434784,0.39831040790116784,0.4503176127086821,0.3987392776338877,0.5661066040755343,0.5480089298969104
3.6,0.9,0.0,0.732472410565863,0.22602907370842112,0.39489633357535336,0.4579508007303832,0.4062173797597095,0.5756361909234347,0.5578665928153113
3.65,0.9,0.0,0.7290535486696197,0.22387728880603688,0.39148658099674516,0.46563122567143056,0.41375625590665865,0.5852144254832189,0.5677801129179315
3.7,0.9,0.0,0.7256579902416792,0.221733976639315,0.3880815415969179,0.473357843934052,0.42135497581778913,0.5948394642801763,0.5777474488368193
3.75,0.9,0.0,0.722285610702984,0.21959932082900976,0.3846816041887806,0.48112960117974546,0.4290125896523047,0.604509445857998,0.5877665386609511
3.8,0.9,0.0,0.7189362860993563,0.2174735013004084,0.38128715490381004,0.48894543273640734,0.43672812829260854,0.6142224614158461,0.5978352667272574
3.85,0.9,0.0,0.7156098930963227,0.21535669429973972,0.3778985771281684,0.49680426400382416,0.4445006036599214,0.6239766092742548,0.6079515252101221
3.9,0.9,0.0,0.7123063089739645,0.21324907241102078,0.3745162514376715,0.504705010857637,0.4523290090387294,0.6337699871446622,0.6181132054446126
3.95,0.9,0.0,0.7090254116217976,0.2111508045732678,0.37114055553160474,0.5126465800518774,0.46021231941024743,0.643600646387041,0.6283181464046408
4.0,0.9,0.0,0.7057670795336785,0.20906205609799922,0.36777186416537505,0.5206278696202244,0.46814949179512444,0.653466638642841,0.6385641872217381
4.05,0.9,0.0,0.7025311918027397,0.20698298868697343,0.36441054908200565,0.5286477692760791,0.47613946560556863,0.6633660264163743,0.6488491791212415
4.1,0.9,0.0,0.6993176281163523,0.20491376045009768,0.36105697894248817,0.5367051608116002,0.4841811630070627,0.6732968380491917,0.6591709348924291
4.15,0.9,0.0,0.6961262687511182,0.20285452592345546,0.3577115192550139,0.5447989184958311,0.4922734892898246,0.6832570910697902,0.6695272550888849
4.2,0.9,0.0,0.6929569945678892,0.20080543608740076,0.35437453230311433,0.5529279094720523,0.5004153332501454,0.6932448195083831,0.6799159586819595
4.25,0.9,0.0,0.6898096870068182,0.1987666383846778,0.35104637707275327,0.5610909941544757,0.5086055675817083,0.7032580425604682,0.6903348480091808
4.3,0.9,0.0,0.6866842280824373,0.1967382767385214,0.34772740917841394,0.5692870266244254,0.5168430492769911,0.7132947581035655,0.7007817015205415
4.35,0.9,0.0,0.6835805003787667,0.1947204915707051,0.3444179807882406,0.5775148550261147,0.5251266200388037,0.7233529808744757,0.7112543164789441
4.4,0.9,0.0,0.6804983870444526,0.19271341981950194,0.3411184405482924,0.5857733219621504,0.5334551067020188,0.7334307301272236,0.7217504952026003
4.45,0.9,0.0,0.6774377717879374,0.19071719495753575,0.3378291335059851,0.5940612648888672,0.5418273216654983,0.7435260006336698,0.7322680127226454
4.5,0.9,0.0,0.6743985388726579,0.18873194700949503,0.3345504010327915,0.6023775165115972,0.5502420633342245,0.7536367996358767,0.7428046579917427
4.55,0.9,0.0,0.6713805731122762,0.18675780256969332,0.33128258074628636,0.6107209051799842,0.5586981165715942,0.7637611511825443,0.7533582387309152
4.6,0.9,0.0,0.6683837598659411,0.184794884819462,0.3280260064316242,0.6190902552834088,0.5671942531618213,0.7738970646178673,0.7639265463810482
4.65,0.9,0.0,0.6654079850335813,0.18284331354436273,0.3247810079625442,0.6274843876466216,0.5757292322823666,0.7840425526288669,0.7745073761742478
4.7,0.9,0.0,0.6624531350512298,0.18090320515121397,0.3215479112220001,0.6359021199256412,0.5843018009862849,0.7941956495712849,0.7850985475161363
4.75,0.9,0.0,0.6595190968863814,0.17897467268493095,0.3183270380225233,0.6443422670039589,0.5929106946943469,0.8043543926822001,0.7956978831415914
4.8,0.9,0.0,0.6566057580333815,0.1770578258451732,0.3151187060264222,0.6528036413891232,0.601554637696788,0.8145168145681448,0.8063032007796896
4.85,0.9,0.0,0.6537130065088492,0.17515277100281063,0.311923228665936,0.6612850536096966,0.6102323436644796,0.824680969165511,0.8169123419546549
4.9,0.9,0.0,0.6508407308471319,0.17325961121620895,0.3087409150634538,0.6697853126126299,0.6189425161693233,0.8348449280553489,0.8275231679120563
4.95,0.9,0.0,0.6479888200957947,0.1713784462473512,0.30557206995192193,0.6783032261610205,0.627683849213617,0.8450067598327069,0.8381335367843298
5.0,0.9,0.0,0.6451571638111433,0.16950937257779994,0.3024169935955586,0.6868376012322852,0.6364550277681372,0.8551645498781182,0.8487413254728282
5.05,0.9,0.0,0.6423456520537801,0.1676524834245221,0.29927598171100095,0.6953872444166826,0.6452547283186412,0.8653164074548002,0.8593444375040987
5.1,0.9,0.0,0.6395541753841966,0.16580786875559375,0.29614932538900873,0.7039509623161473,0.6540816194204804,0.8754604513043553,0.8699407871273961
5.15,0.9,0.0,0.6367826248583984,0.1639756153057986,0.2930373110168528,0.712527561943411,0.6629343622609853,0.8855948106950714,0.880528300471372
5.2,0.9,0.0,0.6340308920235687,0.16215580659215312,0.2899402202015165,0.7211158511212843,0.6718116112292605,0.8957176397721097,0.8911049313856196
5.25,0.9,0.0,0.631298868913763,0.16034852292937057,0.28685832969383446,0.7297146388820668,0.6807120144930128,0.9058271140798998,0.901668657614256
5.3,0.9,0.0,0.628586448045644,0.15855384144530071,0.283791911313703,0.738322735866936,0.6896342145820014,0.9159214201712198,0.9122174693577115
5.35,0.9,0.0,0.62589352241425,0.1567718360963624,0.28074123187648425,0.746938954725241,0.6985768489776962,0.9259987674644953,0.9227493823240646
5.4,0.9,0.0,0.6232199854888009,0.1550025776830056,0.2777065531207356,0.7555621105135346,0.7075385507086902,0.9360573913086679,0.9332624411036762
5.45,0.9,0.0,0.6205657312085412,0.15324613386522626,0.274688131637388,0.7641910210942298,0.7165179489514153,0.9460955466648113,0.9437547122438992
5.5,0.9,0.0,0.6179306539786207,0.15150256917816865,0.2716862188004997,0.7728245075337004,0.7255136696356701,0.9561115088593674,0.9542242850742838
5.55,0.9,0.0,0.6153146486660119,0.14977194504784305,0.2687010606997063,0.7814613944996704,0.7345243360544809,0.9661035797584552,0.9646692784732492
5.6,0.9,0.0,0.612717610595466,0.14805431980699274,0.26573289807448974,0.7901005106577044,0.7435485694777682,0.9760700872366673,0.975087840298493
5.65,0.9,0.0,0.6101394355455085,0.14634974871114095,0.2627819662503854,0.7987406890665982,0.7525849897693049,0.9860093825744417,0.9854781445754793
5.7,0.9,0.0,0.6075800197444713,0.144658283954849,0.2598484950772387,0.8073807675724796,0.7616322160064275,0.9959198432057748,0.9958383944664987
5.75,0.9,0.0,0.6050392598665656,0.1429799746882194,0.25693270886962893,0.8160195892013902,0.7706888671019494,1.0057998737495037,1.0061668233869925
5.8,0.9,0.0,0.6025170530279942,0.1413148670336749,0.2540348263495673,0.8246560025501211,0.779753562427715,1.015647907039116,1.016461696192773
5.85,0.9,0.0,0.6000132967831028,0.1396630041030445,0.2511550605915728,0.833288862175078,0.7888249224392342,1.0254624044558232,1.026721309561119
5.9,0.9,0.0,0.5975278891205723,0.13802442601498793,0.24829361897023253,0.8419170289789228,0.7979015693008098,1.035241854743952,1.0369439906156426
5.95,0.9,0.0,0.5950607284596515,0.13639916991278936,0.24545070311033965,0.8505393705947402,0.8069821275105846,1.0449847746992602,1.0471280976884085
6.0,0.9,0.0,0.5926117136464302,0.13478726998254859,0.24262650883970527,0.8591547617674782,0.8160652245249109,1.0546897143699894,1.0572720261205786
6.05,0.9,0.0,0.5901807439501544,0.13318875747180156,0.2398212261447322,0.8677620847323813,0.8251494913814584,1.0643552539137457,1.0673742047534873
6.1,0.9,0.0,0.5877677190595819,0.13160366070859245,0.23703503912883456,0.8763602295901756,0.8342335633204596,1.073980000738332,1.0774330927365074
6.15,0.9,0.0,0.5853725390793817,0.13003200512103177,0.23426812597378527,0.8849480946786863,0.8433160804034923,1.0835625930697452,1.087447183485017
6.2,0.9,0.0,0.5829951045265729,0.1284738132573574,0.23152065890406154,0.8935245869406621,0.8523956881292123,1.0931017067982993,1.097415012276824
6.25,0.9,0.0,0.5806353163270093,0.1269291048065305,0.22879280415426376,0.9020886222874769,0.8614710380454261,1.102596046717568,1.1073351465262093
6.3,0.9,0.0,0.5782930758119043,0.12539789661938353,0.22608472193966578,0.9106391259584559,0.8705407883569225,1.112044344791989,1.1172061838587426
6.35,0.9,0.0,0.5759682847144003,0.12388020273034493,0.22339656642996122,0.9191750328755295,0.8796036045284586,1.1214453687783328,1.1270267616667227
6.4,0.9,0.0,0.5736608451661818,0.1223760343797588,0.22072848572625592,0.9276952879929308,0.8886581598823229,1.1307979249884859,1.136795560169755
6.45,0.9,0.0,0.571370659694131,0.12088540003681854,0.21808062184135574,0.9361988466416546,0.8977031361898886,1.1401008470618665,1.1465112899658494
6.5,0.9,0.0,0.5690976312170299,0.11940830542313163,0.215453110683394,0.944684674868385,0.9067372242565819,1.1493529962013982,1.1561726922901117
6.55,0.9,0.0,0.5668416630423035,0.11794475353692799,0.21284608204283176,0.9531517497686293,0.9157591244997062,1.1585532747722975,1.1657785540797485
6.6,0.9,0.0,0.5646026588628111,0.11649474467792967,0.21025965958286782,0.9615990598137505,0.9247675475185495,1.167700621776548,1.1753277029574924
6.65,0.9,0.0,0.5623805227536802,0.11505827647288884,0.20769396083327998,0.9700256051716503,0.933761214656241,1.176794002267525,1.1848189955007342
6.7,0.9,0.0,0.5601751591691869,0.11363534390180637,0.20514909718772018,0.9784303980208153,0.9427388585528109,1.1858324098391375,1.1942513199967106
6.75,0.9,0.0,0.557986472939681,0.11222593932483901,0.20262517390447857,0.9868124628574617,0.9516992236889298,1.194814883316865,1.2036236149314878
6.8,0.9,0.0,0.5558143692685577,0.11083005250990072,0.20012229011072527,0.9951708367955185,0.9606410669198147,1.2037404951472441,1.212934856124572
6.85,0.9,0.0,0.5536587537292746,0.10944767066096248,0.197640538810234,1.0035045698591962,0.969563157998803,1.2126083427579477,1.2221840471545078
6.9,0.9,0.0,0.5515195322624155,0.10807877844705353,0.19518000689458564,1.0118127252678941,0.9784642800901113,1.2214175532965599,1.2313702246137987
6.95,0.9,0.0,0.5493966111727999,0.10672335803196618,0.19274077515784646,1.0200943797131898,0.9873432302703014,1.2301673013192609,1.2404924777307433
7.0,0.9,0.0,0.5472898971266403,0.1053813891046602,0.19032291831470663,1.028348623627708,0.9961988200180139,1.2388567921632816,1.24954992991986
7.05,0.9,0.0,0.5451992971487455,0.10405284891036788,0.18792650502206423,1.0365745614456117,1.0050298756915166,1.2474852550656164,1.2585417311450564
7.1,0.9,0.0,0.5431247186197707,0.1027377122823931,0.18555159790402986,1.0447713118545205,1.013835238993666,1.2560519496421803,1.2674670651195452
7.15,0.9,0.0,0.5410660692735169,0.10143595167459953,0.18319825358032732,1.0529380080386446,1.0226137674238598,1.2645561836176489,1.2763251690121165
7.2,0.9,0.0,0.5390232571942748,0.10014753719457929,0.18086652269805525,1.0610737979129379,1.031364334716622,1.272997293365578,1.2851153118129492
7.25,0.9,0.0,0.5369961908142187,0.09887243663749423,0.17855644996677492,1.0691778443480848,1.0400858312664354,1.281374637949703,1.2938367877074601
7.3,0.9,0.0,0.5349847789108466,0.09761061552057837,0.176268074196881,1.0772493253861466,1.048777164538494,1.2896876062372251,1.30248892399536
7.35,0.9,0.0,0.5329889306044697,0.0963620371182893,0.17400142834121207,1.0852874344466978,1.0574372594650392,1.2979356351684426,1.3110711014332825
7.4,0.9,0.0,0.5310085553557484,0.09512666249809479,0.171756539539846,1.0932913805233107,1.0660650588269884,1.3061181890205769,1.3195827311410266
7.45,0.9,0.0,0.5290435629632775,0.09390445055687975,0.16953342916802963,1.101260388370235,1.0746595236205656,1.3142347534112009,1.3280232479216456
7.5,0.9,0.0,0.5270938635612189,0.09269535805795677,0.167332112887182,1.1091936986791533,1.0832196334086803,1.3222848416148933,1.3363921173162931
7.55,0.9,0.0,0.5251593676169835,0.09149933966866247,0.16515260069890986,1.1170905682458876,1.0917443866568066,1.33026801446458,1.3446888578351897
7.6,0.9,0.0,0.5232399859289599,0.09031634799852148,0.16299489700196723,1.124950270126955,1.1002328010531568,1.3381838598417635,1.3529130180434548
7.65,0.9,0.0,0.5213356296242944,0.08914633363795663,0.16085900065209358,1.1327720937858803,1.1086839138129365,1.3460319854999188,1.3610641685420835
7.7,0.9,0.0,0.5194462101567159,0.08798924519752478,0.15874490502465124,1.140555345229187,1.1170967819665316,1.353812023394774,1.3691419068247208
7.75,0.9,0.0,0.5175716393044123,0.0868450293476563,0.1566525980799919,1.148299347131993,1.125470482631452,1.3615236513413709,1.3771458815722881
7.8,0.9,0.0,0.5157118291679538,0.08571363085887372,0.15458206243146894,1.1560034389531657,1.1338041132679195,1.3691665754963442,1.3850757730000014
7.85,0.9,0.0,0.5138666921682651,0.08459499264246707,0.15253327541601544,1.1636669770399823,1.1420967919179805,1.3767405203391787,1.3929312816170583
7.9,0.9,0.0,0.512036141044647,0.08348905579159957,0.1505062091672031,1.1712893347222764,1.1503476574280656,1.3842452306377035,1.4007121304395367
7.95,0.9,0.0,0.5102200888528448,0.08239575962281759,0.14850083069069264,1.17886990239605,1.1585558696549354,1.3916804926320776,1.4084180888432198
8.0,0.9,0.0,0.5084184489631666,0.08131504171793982,0.1465171019419903,1.1864080875965448,1.1667206096549592,1.399046124387392,1.4160489617005103
8.05,0.9,0.0,0.5066311350586494,0.08024683796629718,0.1445549799064154,1.1939033150607818,1.1748410798567173,1.406341960867425,1.423604572573448
8.1,0.9,0.0,0.5048580611332741,0.07919108260729636,0.1426144166811874,1.20135502677959,1.182916504216924,1.4135678540186611,1.4310847638108914
8.15,0.9,0.0,0.5030991414902273,0.07814770827327797,0.14069535955953633,1.2087626820391602,1.1909461283596996,1.4207236889967596,1.4384894149122454
8.2,0.9,0.0,0.5013542907402124,0.07711664603264148,0.13879775111674114,1.2161257574521631,1.1989292196992236,1.427809387955336,1.4458184468160526
8.25,0.9,0.0,0.4996234237998094,0.07609782543320788,0.13692152929799783,1.2234437469784873,1.2068650675458437,1.43482488942984,1.4530717985706352
8.3,0.9,0.0,0.49790645588988036,0.07509117454578919,0.1350666275080171,1.2307161619356775,1.2147529831957236,1.4417701467870372,1.4602494255806024
8.35,0.9,0.0,0.49620330253402434,0.07409662000793725,0.1332329747022531,1.2379425309991343,1.2225923000041266,1.4486451357486467,1.4673513081769178
8.4,0.9,0.0,0.4945138795570791,0.07311408706784013,0.13142049547966164,1.2451224001921855,1.2303823734424701,1.4554498721564,1.4743774718497176
8.45,0.9,0.0,0.4928381030836707,0.07214349962833776,0.12962911017688722,1.2522553328661126,1.2381225811392784,1.4621843906917955,1.4813279630175318
8.5,0.9,0.0,0.49117588953680946,0.07118478029102504,0.12785873496377603,1.259340909670262,1.245812322905212,1.4688487391478848,1.4882028425068325
8.55,0.9,0.0,0.489527155636533,0.07023785040041415,0.12610928194011312,1.2663787285123502,1.2534510207423413,1.475442979727991,1.4950021870427284
8.6,0.9,0.0,0.4878918183985965,0.06930263008812422,0.12438065923348375,1.2733684045091094,1.261038118837856,1.4819672079355446,1.5017261108802145
8.65,0.9,0.0,0.48626979513320895,0.06837903831707043,0.12267277109815336,1.2803095699273976,1.2685730835424418,1.488421546442335,1.5083747587878116
8.7,0.9,0.0,0.4846610034438153,0.06746699292562118,0.12098551801486764,1.2872018741159468,1.2760554033335312,1.494806129677777,1.5149482884076124
8.75,0.9,0.0,0.4830653612259246,0.06656641067169453,0.11931879679146877,1.2940449834278953,1.283484588763694,1.5011211033054617,1.521446869660232
8.8,0.9,0.0,0.4814827866659839,0.06567720727676445,0.11767250066422981,1.3008385811342795,1.2908601723944089,1.507366631498227,1.5278706931351016
8.85,0.9,0.0,0.47991319824029693,0.06479929746974787,0.11604651939980457,1.3075823673286653,1.2981817087155036,1.5135429128020634,1.534219988379765
8.9,0.9,0.0,0.4783565147139882,0.06393259503074478,0.11444073939769582,1.3142760588230962,1.305448774050546,1.5196501602919847,1.5404950010347906
8.95,0.9,0.0,0.4768126551400107,0.06307701283460103,0.11285504379314223,1.320919389035568,1.312660966448488,1.5256885965709812,1.5466959870758792
9.0,0.9,0.0,0.47528153885819857,0.06223246289426862,0.11128931256032848,1.3275121078692114,1.31981790556187,1.531658454070315,1.5528232131700923
9.05,0.9,0.0,0.47376308549436297,0.06139885640393426,0.10974342261582111,1.3340539815834085,1.326919232511925,1.5375599892119403,1.5588769731317795
9.1,0.9,0.0,0.47225721495943157,0.060576103781890815,0.10821724792213777,1.3405447926570377,1.3339646097408995,1.5433934845931805,1.5648575904676088
9.15,0.9,0.0,0.4707638474486305,0.05976411471312354,0.10671065959135495,1.3469843396440901,1.3409537208519509,1.5491592317338136,1.5707653983467653
9.2,0.9,0.0,0.46928290344070905,0.05896279819158777,0.10522352598866481,1.3533724370218616,1.3478862704369727,1.5548575298636294,1.5766007382007896
9.25,0.9,0.0,0.4678143036972068,0.0581720625621518,0.10375571283579132,1.359708915031956,1.354761983892705,1.5604886874154473,1.5823639614776066
9.3,0.9,0.0,0.46635796926176093,0.05739181556217988,0.10230708331417646,1.3659936195143474,1.3615806072255148,1.566053038560404,1.5880554489749252
9.35,0.9,0.0,0.4649138214594559,0.05662196436273325,0.10087749816785337,1.3722264117347236,1.3683419068452158,1.5715509355865485,1.59367560194288
9.4,0.9,0.0,0.4634817818962131,0.055862415609365106,0.0994668158059214,1.3784071682053625,1.3750456693483148,1.5769827370693295,1.5992248282689439
9.45,0.9,0.0,0.46206177245822017,0.05511307546248769,0.09807489240454137,1.3845357804997849,1.3816917012910808,1.5823488075435677,1.6047035421042524
9.5,0.9,0.0,0.4606537153114006,0.05437384963728971,0.09670158200837276,1.390612155061436,1.388279828952829,1.5876495198782932,1.6101121666709273
9.55,0.9,0.0,0.45925753290092114,0.05364464344318354,0.09534673663137458,1.3966362130066468,1.3948098980898258,1.5928852710909267,1.6154511528937914
9.6,0.9,0.0,0.45787314795073875,0.05292536182276213,0.09401020635689676,1.4026078899221242,1.401281773680212,1.5980564713258782,1.620720966434381
9.65,0.9,0.0,0.4565004834631842,0.052215909390246715,0.0926918394369879,1.4085271356572329,1.4076953396603609,1.6031635351997515,1.625922077511638
9.7,0.9,0.0,0.45513946271858385,0.05151619046940666,0.09139148239085129,1.414393914111322,1.4140504986530749,1.6082068816262016,1.6310549607071463
9.75,0.9,0.0,0.45379000927491725,0.05082610913093406,0.09010898010238082,1.4202082030163556,1.4203471716880376,1.6131869359211037,1.6361200974756207
9.8,0.9,0.0,0.45245204696751073,0.05014556922925611,0.0888441759167117,1.4259699937151085,1.4265852979149294,1.6181041443257824,1.6411179933892497
9.85,0.9,0.0,0.45112549990876694,0.049474474438770275,0.08759691173572519,1.4316792909351765,1.432764834309622,1.6229589640981361,1.6460491663939458
9.9,0.9,0.0,0.4498102924879287,0.04881272828948665,0.08636702811244652,1.4373361125590727,1.4388857553738643,1.6277518554017265,1.65091413719892
9.95,0.9,0.0,0.44850634937087613,0.048160234202062335,0.08515436434427819,1.442940489390664,1.4449480528288756,1.6324832811406906,1.6557134290938669
10.0,0.9,0.0,0.44721359549995854,0.04751689552221727,0.08395875856501715,1.4484924649181958,1.4509517353032453,1.6371537079100416,1.6604475690969231
10.05,0.9,0.0,0.4459319560938579,0.046882615554516324,0.08278004783560135,1.4539920950741712,1.4568968280155594,1.6417636185501703,1.6651171029500522
10.1,0.9,0.0,0.4446613566474847,0.0462572975955077,0.08161806823353782,1.4594394479923403,1.4627833724521533,1.6463135073026731,1.6697225893525212
10.15,0.9,0.0,0.44340172293190505,0.045640844966206406,0.08047265494096642,1.464834603762041,1.4686114260403906,1.6508038700214782,1.6742645882938705
10.2,0.9,0.0,0.4421529809942981,0.045033161043912785,0.07934364233131423,1.4701776541801568,1.4743810618178759,1.655235203864377,1.6787436606999586
10.25,0.9,0.0,0.4409150571579438,0.04443414929335801,0.07823086405450162,1.4754687025009194,1.4800923680979803,1.6596080073167838,1.6831603684765888
10.3,0.9,0.0,0.43968787802223935,0.0438437132971669,0.07713415312065974,1.4807078631838266,1.4857454481320842,1.6639227881205132,1.6875152840526915
10.35,0.9,0.0,0.438471370462744,0.043261756785632224,0.07605334198232505,1.4858952616398926,1.491340419768912,1.668180067450148,1.6918089954142115
10.4,0.9,0.0,0.4372654616312515,0.04268818366579272,0.07498826261507717,1.49103103397649,1.4968774151113406,1.6723803677203046,1.696042091467115
10.45,0.9,0.0,0.43607007895589006,0.04212289804981061,0.0739387465965905,1.4961153267409955,1.5023565801710494,1.6765242113428294,1.7002151605590226
10.5,0.9,0.0,0.4348851501412471,0.04156580428264182,0.07290462518407075,1.5011482966634997,1.5077780745213851,1.6806121206340072,1.704328790382817
10.55,0.9,0.0,0.43371060316852056,0.04101680696899648,0.07188572939005163,1.5061301103987828,1.5131420709487928,1.6846446197397265,1.7083835703183903
10.6,0.9,0.0,0.4325463662956939,0.04047581099958598,0.0708818900565294,1.5110609442677867,1.5184487551031671,1.6886222452177577,1.7123801042341482
10.65,0.9,0.0,0.43139236805773534,0.0399427215766531,0.06989293792741397,1.5159409839988118,1.5236983251474672,1.6925455376910277,1.7163190004179008
10.7,0.9,0.0,0.43024853726682,0.039417444238784745,0.06891870371927951,1.5207704244686364,1.5288909914069344,1.696415036622155,1.720200865278929
10.75,0.9,0.0,0.4291148030125739,0.03889988488500531,0.0679590181903989,1.525549469443779,1.5340269760182317,1.7002312802246171,1.7240263032562226
10.8,0.9,0.0,0.4279910946623395,0.03838994979815061,0.0670137122080487,1.530278331322101,1.539106512578835,1.7039948054029683,1.7277959167618615
10.85,0.9,0.0,0.42687734186146215,0.03788754566752321,0.06608261681407414,1.5349572308749497,1.5441298457969788,1.707706152353575,1.731510311777044
10.9,0.9,0.0,0.42577347453359565,0.03739257961082871,0.06516556328870517,1.5395863969900414,1.5490972311424596,1.7113658707438901,1.7351701053626525
10.95,0.9,0.0,0.4246794228810271,0.03690495919539645,0.06426238321261743,1.544166066415261,1.554008934498594,1.7149745097148097,1.7387759135488687
11.0,0.9,0.0,0.4235951173850197,0.03642459245868595,0.06337290852723389,1.5486964835035666,1.5588652318156067,1.718532616145182,1.7423283492458235
11.05,0.9,0.0,0.4225204888061733,0.03595138792808215,0.06249697159326501,1.5531778999591768,1.563666408765727,1.7220407345927964,1.7458280221875606
11.1,0.9,0.0,0.4214554681848008,0.03548525463998293,0.06163440524748643,1.5576105745852131,1.5684127604002636,1.725499407302404,1.7492755389575543
11.15,0.9,0.0,0.4203999868413204,0.03502610215818368,0.06078504285775732,1.5619947730329509,1.5731045908088943,1.7289091793595541,1.7526715092818699
11.2,0.9,0.0,0.41935397637666305,0.034573840591562356,0.05994871837628183,1.566330767552857,1.5777422127814398,1.7322706021406342,1.756016550246956
11.25,0.9,0.0,0.41831736867269337,0.03412838061107149,0.05912526639111949,1.57061883674755,1.5823259474723352,1.7355842248010522,1.759311275947453
11.3,0.9,0.0,0.41729009589264426,0.03368963346604264,0.05831452217595218,1.5748592653268372,1.5868561240680363,1.738850593319425,1.762556296337316
11.35,0.9,0.0,0.41627209048156344,0.03325751099980839,0.05751632173811567,1.5790523438649755,1.5913330794575729,1.742070250456213,1.7657522171946327
11.4,0.9,0.0,0.41526328516677163,0.03283192566465026,0.056730501864906725,1.58319836856028,1.5957571579064542,1.7452437357267434,1.7688996401038635
11.45,0.9,0.0,0.4142636129583319,0.032412790536078505,0.055956900168178336,1.587297640997219,1.6001287107341196,1.7483715889267466,1.7719991667692667
11.5,0.9,0.0,0.4132730071495285,0.032000019326452134,0.05519535512723544,1.5913504679111083,1.6044480959951262,1.7514543547005479,1.7750514045994283
11.55,0.9,0.0,0.4122914013173544,0.03159352639794606,0.05444570613004675,1.5953571609555408,1.6087156781642433,1.7544925750292786,1.7780569575634069
11.6,0.9,0.0,0.4113187293230082,0.031193226774875373,0.05370779351278939,1.599318036472637,1.6129318278256228,1.7574867879735923,1.7810164246723996
11.65,0.9,0.0,0.4103549253123976,0.030799036155384086,0.052981458597742934,1.6032334152662404,1.6170969213662,1.760437527649425,1.783930399964619
11.7,0.9,0.0,0.40939992371664974,0.03041087092250775,0.052266543729552306,1.6071036223781556,1.6212113406734736,1.763345324204833,1.7867994724913312
11.75,0.9,0.0,0.408453659252628,0.030028648154620138,0.05156289230987954,1.6109289868675107,1.6252754728378003,1.7662107047894593,1.7896242275133698
11.8,0.9,0.0,0.4075160669234528,0.0296522856352725,0.050870348830464485,1.614709841593343,1.629289709859335,1.7690341995652992,1.792405253845971
11.85,0.9,0.0,0.4065870820190278,0.029281701862436275,0.05018875890461782,1.6184465230004865,1.633254448359732,1.7718163373942633,1.7951431386130294
11.9,0.9,0.0,0.4056666401165691,0.02891681605715917,0.049517969297168375,1.6221393709088339,1.6371700892987149,1.7745576426508096,1.7978384633733484
11.95,0.9,0.0,0.40475467708113677,0.028557548171644843,0.0488578279528886,1.6257887283060484,1.641037037695625,1.7772586352004485,1.8004918041078843
12.0,0.9,0.0,0.4038511290661694,0.02820381889676746,0.04820818402342347,1.6293949411437871,1.6448557023560284,1.7799198303926265,1.803103731224356
12.05,0.9,0.0,0.4029559325140186,0.027855549669031407,0.04756888789274753,1.6329583581374978,1.6486264956034755,1.7825417390592206,1.8056748095685053
12.1,0.9,0.0,0.40206902415648565,0.02751266267698785,0.04693979120117717,1.6364793305698355,1.6523498330164752,1.7851248698237558,1.8082056012482812
12.15,0.9,0.0,0.40119034101535567,0.027175080867118537,0.04632074686796304,1.6399582120977647,1.6560261331707675,1.7876697327015105,1.810696670029384
12.2,0.9,0.0,0.4003198204029326,0.02684272794919918,0.045711609112492155,1.6433953585633683,1.659655817386937,1.790176833786493,1.813148574879674
12.25,0.9,0.0,0.3994573999225718,0.026515528401153066,0.045112233474126066,1.6467911278084217,1.6632393094834241,1.7926466742505065,1.815561868762982
12.3,0.9,0.0,0.39860301746921,0.02619340747340717,0.04452247683070391,1.6501458794927542,1.66677703553498,1.7950797503506546,1.8179370986604144
12.35,0.9,0.0,0.39775661122989214,0.02587629119276179,0.04394219741573816,1.6534599749164283,1.670269423636597,1.7974765534377204,1.8202748055925306
12.4,0.9,0.0,0.39691811968429475,0.025564106365786304,0.04337125483433427,1.6567337768457653,1.673716903672941,1.7998375699695153,1.8225755246473525
12.45,0.9,0.0,0.39608748160524404,0.025256780581751577,0.04280951007786068,1.6599676493432356,1.6771199070933152,1.802163283443085,1.8248397873325386
12.5,0.9,0.0,0.3952646360592297,0.0249542422151126,0.04225682553740138,1.6631619576012213,1.6804788666921573,1.804454177338568,1.8270681251528165
12.55,0.9,0.0,0.3944495224069118,0.02465642042755154,0.041713065016019124,1.666317067779673,1.6837942163950905,1.8067107307556924,1.8292610643356066
12.6,0.9,0.0,0.3936420803036216,0.024363245169594122,0.041178093739859783,1.6694333468476632,1.6870663910505241,1.8089334176164364,1.8314191248762448
12.65,0.9,0.0,0.39284224969985565,0.024074647181811126,0.040651778368128694,1.6725111624288314,1.6902958262267946,1.8111227066861701,1.8335428205744517
12.7,0.9,0.0,0.392049970841761,0.023790557995616086,0.04013398700196749,1.6755508826507368,1.6934829580148494,1.813279061595493,1.8356326590714476
12.75,0.9,0.0,0.391265184271613,0.02351090993367234,0.039624589192263214,1.678552875998092,1.6966282228364447,1.8154029408627559,1.8376891418876893
12.8,0.9,0.0,0.39048783082828287,0.023235636109919716,0.03912345594641875,1.68151751116989,1.699732057257844,1.8174947984008718,1.8397127650432594
12.85,0.9,0.0,0.3897178516476972,0.02296467042923405,0.03863045973411549,1.6844451569403947,1.7027948978089857,1.8195550868824264,1.8417040231180235
12.9,0.9,0.0,0.38895518816328556,0.022697947586729862,0.03814547449209742,1.6873361820239923,1.705817180808094,1.8215842555782993,1.8436634066604485
12.95,0.9,0.0,0.38819978210641853,0.022435403066718946,0.037668375628007136,1.6901909549438767,1.708799342191693,1.823582748482974,1.8455913999412452
13.0,0.9,0.0,0.3874515755068336,0.02217697314133528,0.03719904002330336,1.6930098439045536,1.7117418173499823,1.825551004334877,1.8474884809874867
13.05,0.9,0.0,0.38671051069304985,0.02192259486883872,0.03673734603528938,1.6957932166681269,1.7146450409675342,1.8274894566494222,1.8493551216318176
13.1,0.9,0.0,0.38597653029276924,0.021672206091607804,0.036283173498281585,1.6985414404343593,1.71750944686926,1.8293985337525407,1.8511917875620432
13.15,0.9,0.0,0.3852495772332662,0.021425745433833614,0.0358364037239479,1.701254881724454,1.7203354678715919,1.8312786588146752,1.8529989383710734
13.2,0.9,0.0,0.3845295947417627,0.021183152298925166,0.03539691950084364,1.7039339062685444,1.72312353563883,1.8331302506292275,1.8547770284927634
13.25,0.9,0.0,0.3838165263457899,0.020944366866637566,0.034964605093174624,1.7065788788968428,1.7258740805445858,1.834953726112932,1.856526510187068
13.3,0.9,0.0,0.38311031587353556,0.020709330089933815,0.03453934623881487,1.7091901634344167,1.7285875315382708,1.83674949783135,1.8582478306036625
13.35,0.9,0.0,0.38241090745417605,0.020477983691590297,0.03412103014660678,1.7117681225995556,1.731264316016552,1.8385179731144932,1.8599414307380109
13.4,0.9,0.0,0.38171824551819356,0.020250270160557263,0.033709545492971595,1.714313117905677,1.7339048596997193,1.8402595540987117,1.8616077454897233
13.45,0.9,0.0,0.38103227479767715,0.020026132748083826,0.03330478241785692,1.7168255095667413,1.7365095865128801,1.8419746377688928,1.8632472037210872
13.5,0.9,0.0,0.38035294032660855,0.019805515463618476,0.03290663252004838,1.7193056564061142,1.73907891847192,1.8436636160009183,1.864860228315715
13.55,0.9,0.0,0.37968018744113,0.01958836307049409,0.03251498885187056,1.7217539157688477,1.741613275574146,1.8453268756043768,1.866447236237291
13.6,0.9,0.0,0.37901396177979635,0.01937462108140796,0.032129745913304544,1.7241706434373159,1.7441130756935428,1.8469647985456912,1.8680086387999106
13.65,0.9,0.0,0.3783542092838097,0.019164235753706627,0.03175079964554676,1.7265561935501617,1.7465787344805483,1.8485777639442555,1.869544844019421
13.7,0.9,0.0,0.37770087619723575,0.018957154084484156,0.031378047424033134,1.7289109185245053,1.749010665266289,1.8501661472717603,1.87105625568161
13.75,0.9,0.0,0.377053909067203,0.018753323805503902,0.031011388050954745,1.731235168981358,1.7514092789711728,1.8517303189565704,1.8725432717118482
13.8,0.9,0.0,0.37641325474408294,0.01855269337795241,0.030650721747287446,1.7335292936741902,1.75377498401777,1.853270644406457,1.8740062842094316
13.85,0.9,0.0,0.3757788603816523,0.018355211987034537,0.030295950144359714,1.735793639420597,1.7561081862478891,1.8547874840572502,1.8754456795121626
13.9,0.9,0.0,0.3751506734372359,0.018160829536418534,0.02994697627498144,1.7380285510370068,1.7584092888437648,1.8562811934215422,1.8768618382608049
13.95,0.9,0.0,0.3745286416718303,0.017969496642539193,0.029603704564155914,1.7402343712763801,1.7606786922532767,1.8577521231374354,1.8782551354634036
14.0,0.9,0.0,0.37391271315020846,0.017781164628767977,0.029266040819397453,1.7424114407688356,1.7629167941191028,1.859200619017313,1.8796259405594413
14.05,0.9,0.0,0.3733028362410043,0.017595785519457882,0.028933892220675824,1.7445600979651477,1.7651239892117254,1.8606270223004375,1.8809746177185172
14.1,0.9,0.0,0.3726989596167775,0.01741331203387087,0.02860716731000821,1.7466806790830622,1.7673006693662021,1.862031671210152,1.8823015276410302
14.15,0.9,0.0,0.3721010322540582,0.017233697579995794,0.028285775980719557,1.7487735180563666,1.7694472234226113,1.8634149000593707,1.8836070265356424
14.2,0.9,0.0,0.371509003433371,0.017056896248264366,0.027969629466390682,1.7508389464866574,1.7715640371700867,1.864777038402691,1.884891465150236
14.25,0.9,0.0,0.37092282273923877,0.016882862805172084,0.027658640329514043,1.7528772935977472,1.7736514932943481,1.866118411081969,1.8861551888314827
14.3,0.9,0.0,0.3703424400601659,0.01671155268681209,0.027352722449875664,1.7548888861926475,1.7757099713286437,1.8674393382788008,1.8873985375921787
14.35,0.9,0.0,0.3697678055886002,0.016542921992327778,0.02705179101268161,1.7568740486130776,1.7777398476080153,1.8687401355668558,1.8886218461782387
14.4,0.9,0.0,0.3691988698208737,0.01637692747729162,0.02675576249644674,1.7588331027014297,1.7797414952267987,1.8700211139640575,1.88982544413533
14.45,0.9,0.0,0.3686355835571233,0.016213526547016993,0.026464554660663452,1.7607663677651335,1.781715283999268,1.871282579984592,1.8910096558751373
14.5,0.9,0.0,0.3680778979011886,0.01605267724980817,0.026178086533266427,1.762674160543372,1.7836615804233455,1.8725248356918445,1.8921748007424897
14.55,0.9,0.0,0.3675257642604898,0.015894338270156017,0.02589627839791055,1.76455679517607,1.7855807476472791,1.8737481792573965,1.89332119365061
14.6,0.9,0.0,0.36697913434588275,0.015738468921884432,0.025619051781076884,1.7664145831751124,1.7874731454392137,1.8749529057780636,1.8944491460059685
14.65,0.9,0.0,0.3664379601714939,0.015585029141253644,0.02534632943902271,1.768247833397731,1.7893391301595605,1.876139306167043,1.8955589644701973
14.7,0.9,0.0,0.3659021940545322,0.015433979480025905,0.02507803534459,1.7700568520219924,1.7911790547360877,1.8773076669923174,1.8966509507855938
14.75,0.9,0.0,0.3653717886150805,0.015285281098498906,0.024814094673886514,1.7718419425243424,1.792993268641646,1.8784582705304518,1.8977254018423368
14.8,0.9,0.0,0.36484669677586423,0.015138895758512188,0.02455443379285364,1.77360340565914,1.7947821178744472,1.8795913948200835,1.8987826097451883
14.85,0.9,0.0,0.36432687176199907,0.01499478581643175,0.024298980243734152,1.7753415394401268,1.796545944940812,1.880707313715102,1.8998228618796729
14.9,0.9,0.0,0.3638122671007165,0.014852914216117176,0.02404766273145249,1.7770566391237794,1.798285088840311,1.8818062969375,1.9008464409777264
14.95,0.9,0.0,0.36330283662106777,0.014713244481876662,0.02380041110992047,1.778748997194482,1.7999998850532153,1.8828886101298963,1.9018536251828064
15.0,0.9,0.0,0.36279853445360566,0.014575740711413895,0.023557156368279597,1.7804189033514697,1.8016906655301819,1.8839545149077204,1.902844688114458
15.05,0.9,0.0,0.36229931503004503,0.014440367568771359,0.023317830617092288,1.7820666444974869,1.8033577586840914,1.8850042689868785,1.9038198990147455
15.1,0.9,0.0,0.3618051330829017,0.0143070902772744,0.02308236707449247,1.7836925047291021,1.805001489383971,1.8860381269697026,1.9047795236099576
15.15,0.9,0.0,0.3613159436451088,0.014175874612479437,0.022850700052306168,1.7852967653286367,1.8066221789509167,1.8870563400328682,1.9057238237787555
15.2,0.9,0.0,0.3608317020496127,0.014046686895131033,0.02262276494215267,1.786879704757642,1.8082201451559516,1.8880591554674613,1.9066530570594515
15.25,0.9,0.0,0.3603523639289465,0.013919493984130832,0.022398498201535482,1.7884415986518807,1.8097957022197428,1.8890468167241754,1.9075674767061248
15.3,0.9,0.0,0.3598778852147824,0.01379426326952209,0.022177837339932772,1.789982719817766,1.8113491608141066,1.8900195634655348,1.9084673317522034
15.35,0.9,0.0,0.359408222137463,0.013670962665493386,0.02196072090489642,1.7915033382301941,1.8128808280652313,1.890977631617681,1.9093528670734095
15.4,0.9,0.0,0.3589433312255102,0.013549560603404372,0.021747088468167388,1.7930037210317384,1.8143910075585576,1.8919212534217198,1.9102243234500604
15.45,0.9,0.0,0.3584831693051145,0.013430026024837024,0.02153688061181675,1.7944841325331404,1.8158799993452355,1.8928506574846204,1.9110819376287265
15.5,0.9,0.0,0.3580276934996018,0.013312328374674965,0.021330038914419275,1.7959448342150621,1.8173480999501062,1.8937660688296647,1.9119259423832353
15.55,0.9,0.0,0.3575768612288804,0.01319643759421412,0.021126505937267535,1.7973860847310474,1.8187956023811358,1.8946677089464428,1.9127565665750308
15.6,0.9,0.0,0.35713063020886615,0.01308232411430679,0.020926225210633132,1.7988081399116458,1.8202227961402457,1.8955557958411051,1.9135740352136197
15.65,0.9,0.0,0.3566889584508881,0.012969958848542355,0.020729141220082417,1.8002112527696577,1.8216299672354694,1.8964305443254115,1.914378569765194
15.7,0.9,0.0,0.3562518042610724,0.012859313186466357,0.02053519939285242,1.8015956735064527,1.8230173981943865,1.8972921663944866,1.9151703885533427
15.75,0.9,0.0,0.35581912623970674,0.012750358986840703,0.02034434608429365,1.8029616495193217,1.824385368078768,1.8981408707478225,1.9159497062685487
15.8,0.9,0.0,0.35539088328058455,0.012643068570947054,0.020156528564385212,1.8043094254098158,1.8257341525003772,1.8989768627471673,1.9167167339318887
15.85,0.9,0.0,0.35496703457032874,0.012537414715935218,0.0199716950043276,1.805639242993035,1.8270640236378735,1.8998003444653175,1.917471678953106
15.9,0.9,0.0,0.354547539587696,0.012433370648218884,0.019789794463218636,1.8069513413078235,1.828375250254766,1.9006115147343927,1.9182147451879843
15.95,0.9,0.0,0.3541323581028615,0.01233091003692002,0.01961077687481726,1.8082459566278355,1.8296680977183564,1.9014105691936023,1.918946132995021
16.0,0.9,0.0,0.3537214501766836,0.012230006987364038,0.019434593034399386,1.8095233224734268,1.8309428280196298,1.902197700336495,1.9196660392914107
16.05,0.9,0.0,0.3533147761599505,0.012130636034627272,0.01926119458571095,1.8107836696243385,1.832199699794039,1.9029730975576877,1.9203746576083256
16.1,0.9,0.0,0.3529122966926068,0.01203277213713804,0.019090534008021375,1.812027226133138,1.8334389683431298,1.9037369471990861,1.9210721781455082
16.15,0.9,0.0,0.35251397270296164,0.011936390670332824,0.01892256460328143,1.8132542173393766,1.8346608856569717,1.904489432595583,1.9217587878251674
16.2,0.9,0.0,0.3521197654068785,0.011841467420369033,0.018757240483389538,1.8144648658844296,1.835865700437333,1.9052307341202404,1.9224346703451882
16.25,0.9,0.0,0.35172963630694637,0.011747978577895274,0.018594516557568913,1.8156593917269896,1.837053658121572,1.9059610292317637,1.9231000062344026
16.3,0.9,0.0,0.3513435471916333,0.011655900731880473,0.01843434851985954,1.8168380121591712,1.8382250009071843,1.9066804927152998,1.9237549730970718
16.35,0.9,0.0,0.35096146013442137,0.011565210863502692,0.018276692836726942,1.818000941823205,1.839379967776983,1.9073892968411654,1.924399745776798
16.4,0.9,0.0,0.3505833374929247,0.011475886340098784,0.018121506734790994,1.8191483927286796,1.8405187945248531,1.908087611094711,1.9250344961001098
16.45,0.9,0.0,0.3502091419079902,0.011387904909175682,0.01796874818867704,1.8202805742703054,1.8416417137820533,1.9087756021881068,1.9256593928960681
16.5,0.9,0.0,0.34983883630278045,0.011301244692483987,0.01781837590899112,1.821397693246174,1.842748955044024,1.9094534341034792,1.9262746020464139
16.55,0.9,0.0,0.34947238388184065,0.011215884180154723,0.01767034933042193,1.8224999538764777,1.843840744697663,1.9101212681355058,1.9268802865350199
16.6,0.9,0.0,0.34910974813014856,0.011131802224899894,0.017524628599970976,1.8235875578226644,1.8449173060490327,1.9107792629334752,1.927476606496648
16.65,0.9,0.0,0.3487508928121481,0.011048978036277328,0.017381174565312456,1.824660704206999,1.84597885935147,1.9114275745428135,1.9280637192650252
16.7,0.9,0.0,0.3483957819707675,0.010967391175020403,0.0172399487632849,1.8257195896325094,1.8470256218340573,1.912066356446073,1.9286417794202277
16.75,0.9,0.0,0.34804437992642073,0.010887021547432896,0.017100913408515026,1.8267644082032843,1.8480578077304333,1.912695759603396,1.9292109388353977
16.8,0.9,0.0,0.3476966512759946,0.010807849399849726,0.01696403138217585,1.8277953515451042,1.849075628307899,1.9133159324924485,1.9297713467227775
16.85,0.9,0.0,0.34735256089182,0.010729855313163507,0.016829266220879466,1.8288126088263768,1.8500792918968052,1.9139270211478288,1.9303231496790796
16.9,0.9,0.0,0.34701207392062816,0.010653020197417255,0.016696582105705394,1.8298163667793597,1.8510690039201767,1.9145291691999544,1.9308664917301956
16.95,0.9,0.0,0.346675155782493,0.01057732528646375,0.016565943851365603,1.830806809721639,1.8520449669235592,1.9151225179134306,1.931401514375243
17.0,0.9,0.0,0.34634177216975864,0.010502752132691303,0.016437316895506354,1.8317841195778501,1.8530073806050527,1.915707206243283,1.931928356646469
17.05,0.9,0.0,0.34601188904595276,0.010429282601816216,0.016310667288147448,1.8327484759016173,1.8539564418455108,1.9162833710390947,1.9324471553017917
17.1,0.9,0.0,0.345685472644687,0.010356898867742133,0.016185961681259423,1.833700055897686,1.854892344738881,1.916851146992949,1.932958044787086
17.15,0.9,0.0,0.34536248946854314,0.010285583407485857,0.016063167318478504,1.8346390344442414,1.8558152806226595,1.9174106665634563,1.9334611571768046
17.2,0.9,0.0,0.3450429062879466,0.01021531899617019,0.015942252024959837,1.835565584115376,1.856725438108441,1.9179620600107752,1.9339566222141036
17.25,0.9,0.0,0.344726690140027,0.010146088702083096,0.015823184197368695,1.8364798752037086,1.8576230031125405,1.9185054554325585,1.9344445673516204
17.3,0.9,0.0,0.3444138083274666,0.01007787588180371,0.015705932794009846,1.8373820757431152,1.858508158886664,1.9190409787993883,1.93492511779162
17.35,0.9,0.0,0.34410422841733546,0.010010664175394222,0.015590467325094363,1.8382723515315786,1.859381086048616,1.9195687539897006,1.9353983965255126
17.4,0.9,0.0,0.34379791823991607,0.009944437501658437,0.015476757843144342,1.839150866154116,1.8602419626130116,1.9200889028242079,1.9358645243727493
17.45,0.9,0.0,0.34349484588751555,0.009879180053465882,0.015364774933534555,1.8400177810057894,1.861090964021988,1.9206015450998213,1.9363236200191063
17.5,0.9,0.0,0.3431949797132665,0.009814876293141745,0.015254489705170701,1.8408732553147706,1.8619282631758902,1.9211067986230772,1.936775800054359
17.55,0.9,0.0,0.3428982883299173,0.00975151094792212,0.015145873781303956,1.8417174461654526,1.8627540304639174,1.9216047792430724,1.937221179009355
17.6,0.9,0.0,0.34260474060861146,0.00968906900547435,0.015038899290481057,1.8425505085215916,1.8635684337947098,1.9220956008839156,1.9376598693924945
17.65,0.9,0.0,0.3423143056776565,0.009627535709482014,0.014933538857629157,1.8433725952494655,1.864371638626869,1.9225793755766947,1.9380919817256186
17.7,0.9,0.0,0.3420269529212831,0.009566896555294302,0.01482976559527484,1.844183857141037,1.8651638079993889,1.9230562134909681,1.938517624579323
17.75,0.9,0.0,0.3417426519783941,0.00950713728563929,0.014727553094896637,1.844984442937109,1.8659451025619873,1.9235262229657841,1.9389369046076892
17.8,0.9,0.0,0.34146137274130406,0.009448243886400658,0.014626875418409723,1.8457744993504626,1.8667156806053273,1.9239895105402325,1.9393499265824568
17.85,0.9,0.0,0.34118308535447,0.009390202582457537,0.014527707089782444,1.8465541710889597,1.8674756980911096,1.92444618099298,1.9397567934340312
17.9,0.9,0.0,0.3409077602132129,0.00933299983358694,0.014430023086783367,1.8473236008786085,1.8682253086820308,1.924896337455431,1.9401576063500134
17.95,0.9,0.0,0.34063536796243077,0.00927662233042827,0.014333798832857913,1.8480829294865746,1.8689646637715933,1.925340081395137,1.9405524647718306
18.0,0.9,0.0,0.3403658794953033,0.009221056990509392,0.014239010189133518,1.8488322957441317,1.8696939125137557,1.9257775125890282,1.9409414663831972
18.05,0.9,0.0,0.34009926595198886,0.009166290954333906,0.014145633446552397,1.8495718365695395,1.8704132018524149,1.9262087291513683,1.9413247071412876
18.1,0.9,0.0,0.3398354987183137,0.009112311581528856,0.014053645318130558,1.8503016869908444,1.871122676550711,1.9266338275619375,1.9417022813079017
18.15,0.9,0.0,0.33957454942445325,0.00905910644705247,0.013963022931341872,1.851021980168589,1.871822479220144,1.927052902693772,1.9420742814801046
18.2,0.9,0.0,0.3393163899436074,0.009006663337461368,0.013873743820626415,1.8517328474184274,1.8725127503494967,1.9274660478404633,1.942440798620345
18.25,0.9,0.0,0.33906099239066784,0.008954970247236547,0.013785785920021233,1.8524344182336352,1.8731936283335544,1.9278733547430251,1.9428019220860577
18.3,0.9,0.0,0.33880832912087955,0.008904015375167763,0.013699127555912835,1.8531268203075082,1.8738652495016135,1.9282749136163362,1.943157739658762
18.35,0.9,0.0,0.3385583727284962,0.008853787120795483,0.013613747439909904,1.8538101795556416,1.874527748145772,1.9286708131751524,1.943508337572656
18.4,0.9,0.0,0.3383110960454289,0.008804274080909957,0.013529624661834697,1.8544846201380878,1.8751812565490016,1.9290611406597105,1.9438538005427248
18.45,0.9,0.0,0.3380664721398903,0.00875546504610675,0.013446738682832434,1.85515026448138,1.8758259050129815,1.929445981860913,1.9441942117923532
18.5,0.9,0.0,0.337824474315032,0.00870734899739805,0.013365069328596529,1.8558072333004203,1.8764618218857068,1.9298254211451085,1.9445296530804668
18.55,0.9,0.0,0.33758507610757843,0.008659915102879277,0.013284596782709083,1.8564556456202248,1.8770891335888482,1.93019954147847,1.9448602047281973
18.6,0.9,0.0,0.33734825128645474,0.008613152714450225,0.01320530158009475,1.8570956187975218,1.8777079646448727,1.9305684244509775,1.9451859456450815
18.65,0.9,0.0,0.3371139738514104,0.008567051364590078,0.013127164600586713,1.8577272685421984,1.8783184377039113,1.9309321503000068,1.945506953354803
18.7,0.9,0.0,0.33688221803163887,0.008521600763185807,0.013050167062603554,1.8583507089385898,1.878920673570377,1.931290797933533,1.9458233040204804
18.75,0.9,0.0,0.3366529582843932,0.00847679079441312,0.012974290516935532,1.8589660524666054,1.8795147912293206,1.9316444449529535,1.9461350724695097
18.8,0.9,0.0,0.33642616929359737,0.00843261151366951,0.012899516840638546,1.8595734100226935,1.8801009078725321,1.9319931676755355,1.9464423322179683
18.85,0.9,0.0,0.33620182596845477,0.008389053144558458,0.012825828231034933,1.8601728909406348,1.8806791389243744,1.9323370411567105,1.946745155494723
18.9,0.9,0.0,0.33597990344205336,0.008346106075924568,0.012753207199819278,1.8607646030121647,1.8812495980673527,1.9326761392334861,1.9470436132782052
18.95,0.9,0.0,0.33576037706996753,0.008303760858938433,0.012681636567267908,1.8613486525074194,1.881812397267417,1.9330105345622464,1.947337775329568
19.0,0.9,0.0,0.3355432224288576,0.00826200820423112,0.012611099456550662,1.8619251441952047,1.8823676467989905,1.9333402986018788,1.9476277101923138
19.05,0.9,0.0,0.3353284153150669,0.008220838979077221,0.01254157928814363,1.862494181363082,1.8829154552697291,1.933665501630111,1.9479134852119748
19.1,0.9,0.0,0.3351159317432162,0.008180244204625904,0.012473059774341039,1.863055865837275,1.883455929645007,1.9339862127639564,1.948195166558111
19.15,0.9,0.0,0.3349057479447969,0.00814021505317958,0.012405524913865575,1.8636102980023839,1.8839891752721234,1.9343024999798175,1.9484728192459133
19.2,0.9,0.0,0.33469784036676165,0.008100742845518944,0.012338958986574824,1.86415757682092,1.8845152959042384,1.9346144301332495,1.948746507157415
19.25,0.9,0.0,0.33449218567011446,0.008061819048274492,0.01227334654826326,1.8646977998526426,1.8850343937240268,1.9349220689783813,1.9490162930623174
19.3,0.9,0.0,0.33428876072849867,0.008023435271343122,0.01220867242555772,1.8652310632737106,1.8855465693670594,1.9352254811870135,1.9492822386384407
19.35,0.9,0.0,0.33408754262678453,0.007985583265349736,0.012144921710905466,1.8657574618956376,1.8860519219448997,1.9355247303673864,1.9495444044917978
19.4,0.9,0.0,0.3338885086596557,0.007948254919152868,0.012082079757652976,1.866277089184056,1.8865505490679284,1.9358198790826238,1.9498028501763052
19.45,0.9,0.0,0.3336916363301952,0.00791144225739373,0.012020132175214417,1.866790037277284,1.8870425468678862,1.9361109888688672,1.9500576342131324
19.5,0.9,0.0,0.33349690334847154,0.007875137438088297,0.011959064824328364,1.8672963970046959,1.8875280100201395,1.9363981202530929,1.9503088141096971
19.55,0.9,0.0,0.33330428763012354,0.007839332750261337,0.011898863812401033,1.8677962579048977,1.888007031765667,1.936681332770623,1.950556446378312
19.6,0.9,0.0,0.3331137672949468,0.007804020611622219,0.011839515488935316,1.868289708243703,1.88847970393277,1.9369606849823369,1.9508005865544895
19.65,0.9,0.0,0.3329253206654792,0.007769193566281526,0.011781006441043587,1.8687768350319132,1.8889461169585067,1.937236234491581,1.9510412892149065
19.7,0.9,0.0,0.33273892626558765,0.007734844282508043,0.01172332348904336,1.869257724042895,1.8894063599098474,1.9375080379607907,1.9512786079950415
19.75,0.9,0.0,0.3325545628190553,0.007700965550525357,0.011666453682134348,1.8697324598299658,1.8898605205045578,1.9377761511278182,1.9515125956064847
19.8,0.9,0.0,0.33237220924816974,0.007667550280347653,0.011610384294155528,1.8702011257435744,1.890308685131807,1.93804062882198,1.9517433038539258
19.85,0.9,0.0,0.33219184467231216,0.007634591499653802,0.011555102819420926,1.8706638039482848,1.890750938872501,1.9383015249798248,1.95197078365183
19.9,0.9,0.0,0.33201344840654823,0.007602082351699467,0.011500596968632995,1.8711205754395643,1.891187365519349,1.9385588926606245,1.9521950850408025
19.95,0.9,0.0,0.3318369999602201,0.007570016093266346,0.011446854664871968,1.8715715200603669,1.891618047596653,1.938812784061597,1.952416257203649
20.0,0.9,0.0,0.33166247903554014,0.007538386092648081,0.011393864039660159,1.8720167165175263,1.892043066379835,1.9390632505328596,1.9526343484811384
3.0,0.95,0.0,0.742419849968515,0.23225300933179527,0.4047096151900957,0.4361636468383219,0.3849114734490914,0.5484104066935304,0.5297188388631965
3.05,0.95,0.0,0.7385459977582914,0.22983585205856225,0.4009071707405191,0.44454990589374876,0.3930983856616842,0.5588994051591336,0.540557391609227
3.1,0.95,0.0,0.7346964130635498,0.22742540626514762,0.3971042988994177,0.4530077227580862,0.40137308224925017,0.5694661927262749,0.5514835388368823
3.15,0.95,0.0,0.7308709650711946,0.22502193366006554,0.39330149405121034,0.4615360747534405,0.40973477853394913,0.5801086861100773,0.5624949701546145
3.2,0.95,0.0,0.727069523720145,0.22262569234895346,0.3894992502234256,0.4701339177531576,0.41818265767742535,0.5908247622290366,0.5735893298556306
3.25,0.95,0.0,0.7232919596964151,0.22023693684349052,0.38569806103114973,0.47880018651260325,0.42671587069875494,0.6016122910355021,0.584764254279861
3.3,0.95,0.0,0.7195381444282147,0.21785591807117824,0.38189841961851717,0.48753379499801075,0.43533353650146134,0.6124690611230901,0.5960172876865067
3.35,0.95,0.0,0.7158079500810679,0.21548288338582103,0.3781008185970481,0.4963336367136595,0.4440347419104085,0.6233928342978526,0.607345943963998
3.4,0.95,0.0,0.7121012495529517,0.2131180765785544,0.3743057499806518,0.5051985850276497,0.4528185417193955,0.6343813628456606,0.6187477262374174
3.45,0.95,0.0,0.7084179164694542,0.21076173788925914,0.370513705117131,0.5141274934966389,0.46168395875028334,0.6454323218552104,0.6302200506438536
3.5,0.95,0.0,0.7047578251789499,0.2084141040182232,0.36672517461603504,0.5231191961898594,0.4706299839244924,0.6565433704633051,0.6417603153101373
3.55,0.95,0.0,0.7011208507477956,0.20607540813790443,0.36294064827272765,0.5321725080128337,0.4796555763477168,0.6677121558569723,0.653365904948273
3.6,0.95,0.0,0.6975068689555439,0.20374587990466067,0.359160614988553,0.5412862250311838,0.48875966340867694,0.6789362552259663,0.6650341257139027
3.65,0.95,0.0,0.693915756290175,0.20142574547032058,0.35538556268699206,0.5504591247949764,0.49794114089277186,0.6902132383733123,0.6767622754662876
3.7,0.95,0.0,0.690347389943348,0.19911522749347213,0.3516159782257301,0.5596899666640567,0.5071988731114264,0.7015406615470178,0.6885476369360922
3.75,0.95,0.0,0.6868016478056692,0.19681454515035296,0.3478523473045607,0.5689774921348558,0.5165316930479704,0.7129160202710213,0.7003874249648119
3.8,0.95,0.0,0.6832784084619795,0.1945239141452412,0.34409515436907684,0.5783204251691365,0.5259384025208349,0.72433680923291,0.7122788534906876
3.85,0.95,0.0,0.6797775511866588,0.1922435467202411,0.3403448825101102,0.5877174725252021,0.5354177723648543,0.7358005093104072,0.7242191211239334
3.9,0.95,0.0,0.6762989559389494,0.18997365166437755,0.3366020133589042,0.5971673240920528,0.5449685426314234,0.7473045509687131,0.7362053703265293
3.95,0.95,0.0,0.6728425033582967,0.18771443432191207,0.33286702697801324,0.6066686532270182,0.554589422808252,0.7588463688435778,0.748234748285105
4.0,0.95,0.0,0.6694080747597071,0.1854660965998075,0.3291404017479444,0.6162201170973709,0.5642790920594234,0.7704233850491579,0.7603043883743393
4.05,0.95,0.0,0.6659955521291249,0.18322883697427447,0.3254226142495728,0.6258203570264287,0.5740361994864251,0.7820329818884568,0.7724113798054986
4.1,0.95,0.0,0.6626048181188249,0.1810028504963373,0.3217141391423726,0.6354679988446748,0.5838593644108093,0.7936725497113497,0.7845528208562831
4.15,0.95,0.0,0.6592357560428241,0.1787883287963739,0.3180154490385325,0.6451616532463702,0.5937471766790744,0.8053394691460243,0.7967257991768768
4.2,0.95,0.0,0.6558882498723099,0.17658546008758194,0.3143270143730246,0.65489991615218,0.6036981969903588,0.8170310914210099,0.8089273699591333
4.25,0.95,0.0,0.6525621842310851,0.17439442916833975,0.3106493032697262,0.6646813690782754,0.6137109572474576,0.8287447788845892,0.8211546008929401
4.3,0.95,0.0,0.6492574443910312,0.17221541742343674,0.3069827814036953,0.6745045795123794,0.6237839609316719,0.8404778882837599,0.8334045536738826
4.35,0.95,0.0,0.6459739162675883,0.17004860282415035,0.3033279118597278,0.6843681012972229,0.6339156835019133,0.8522277569274467,0.8456742686904246
4.4,0.95,0.0,0.6427114864152513,0.16789415992716403,0.2996851549873218,0.694270475021818,0.6441045728184887,0.8639917357549616,0.8579608016260508
4.45,0.95,0.0,0.6394700420230847,0.16575225987232087,0.2960549682522064,0.7042102284209744,0.6543490495918949,0.8757671752472527,0.8702612079174267
4.5,0.95,0.0,0.6362494709102523,0.16362307037921686,0.29243780608458775,0.7141858767834373,0.6646475078569433,0.8875514158687897,0.8825725322046494
4.55,0.95,0.0,0.6330496615215654,0.16150675574264678,0.28883411972428796,0.7241959233690112,0.6749983154724666,0.899341813827387,0.8948918367722688
4.6,0.95,0.0,0.629870502923047,0.15940347682692277,0.2852443570629613,0.7342388598349916,0.6853998146467992,0.9111357306749159,0.9072161901129947
4.65,0.95,0.0,0.6267118847975127,0.1573133910590864,0.28166896248357853,0.7443131666722269,0.695850322489205,0.9229305268613226,0.9195426598351387
4.7,0.95,0.0,0.6235736974401687,0.15523665242105306,0.27810837669738764,0.7544173136510601,0.70634813158733,0.93472358040089,0.9318683332129094
4.75,0.95,0.0,0.6204558317542258,0.15317341144072225,0.27456303657856207,0.7645497602774098,0.7168915106107421,0.9465122807156425,0.9441903104505395
4.8,0.95,0.0,0.6173581792465308,0.15112381518209733,0.2710333749967602,0.7747089562592004,0.7274787049405453,0.9582940246463778,0.9565057003141841
4.85,0.95,0.0,0.6142806320232136,0.14908800723446938,0.26751982064782787,0.7848933419832946,0.7381079373250019,0.9700662281982938,0.9688116330099095
4.9,0.95,0.0,0.6112230827853516,0.14706612770071503,0.2640227978828784,0.7951013490030958,0.7487774085610599,0.9818263246960466,0.9811052582142511
4.95,0.95,0.0,0.6081854248246503,0.14505831318477153,0.260542726536,0.8053314005369008,0.7594852982016052,0.9935717631633781,0.9933837433308921
5.0,0.95,0.0,0.60516755201914,0.14306469677835082,0.25708002175083683,0.815581911977092,0.7702297652882215,1.0053000132319987,1.0056442788031166
5.05,0.95,0.0,0.6021693588288897,0.14108540804696415,0.25363509380630317,0.8258512914101797,0.7810089491091777,1.0170085672006064,1.0178840804513023
5.1,0.95,0.0,0.5991907402917369,0.13912057301532701,0.2502083479416889,0.8361379401477067,0.7918209699823167,1.0286949412598747,1.0301003908801938
5.15,0.95,0.0,0.5962315920190341,0.13717031415222186,0.24680018418142277,0.8464402532679647,0.8026639300624596,1.0403566735824146,1.0422904772562176
5.2,0.95,0.0,0.5932918101914118,0.13523475035489718,0.2434109971597605,0.8567566201684436,0.8135359141728906,1.0519913293996797,1.0544516369609187
5.25,0.95,0.0,0.5903712915545577,0.1333139969330845,0.24004117594566934,0.8670854251289002,0.8244349906604314,1.0635965060455665,1.066581203217189
5.3,0.95,0.0,0.5874699334150125,0.13140816559271726,0.2366911038681783,0.8774250478848942,0.8353592122735839,1.0751698242767027,1.0786765354042505
5.35,0.95,0.0,0.5845876336359822,0.12951736441943817,0.2333611583424727,0.8877738642116002,0.8463066170631274,1.0867089350071564,1.0907350265261124
5.4,0.95,0.0,0.5817242906331669,0.1276416978619821,0.23005171069700328,0.8981302465176759,0.8572752293045596,1.0982115294771024,1.1027541144980926
5.45,0.95,0.0,0.5788798033706061,0.12578126671552373,0.22676312600188567,0.9084925644489226,0.8682630604416792,1.1096753240653914,1.114731265290661
5.5,0.95,0.0,0.5760540713565403,0.1239361681050804,0.22349576289886283,0.9188591855014479,0.8792681100505977,1.1210980668868868,1.1266639802404088
5.55,0.95,0.0,0.5732469946392896,0.122106495469059,0.22024997343310537,0.9292284756440077,0.8902883668233813,1.1324775544223242,1.138549814486155
5.6,0.95,0.0,0.5704584738031483,0.12029233854303939,0.2170261028871163,0.9395987999491608,0.9013218095705327,1.1438116105779355,1.150386353755395
5.65,0.95,0.0,0.5676884099642971,0.11849378334388536,0.21382448961701314,0.9499685232328452,0.9123664082414202,1.1550980910289075,1.1621712191747615
5.7,0.95,0.0,0.5649367047667306,0.11671091215427064,0.21064546489144648,0.9603360107019654,0.9234201249617847,1.166334907169738,1.1739020938073699
5.75,0.95,0.0,0.562203260378203,0.11494380350771313,0.20748935273342414,0.9706996286095291,0.9344809150873488,1.1775200010747555,1.185576694909921
5.8,0.95,0.0,0.5594879794861896,0.11319253217420411,0.20435646976529173,0.9810577449168598,0.9455467282725796,1.1886513453558492,1.1971927737747026
5.85,0.95,0.0,0.556790765293865,0.11145716914652012,0.20124712505712655,0.991408729962379,0.9566155095535698,1.1997269740945569,1.2087481499987505
5.9,0.95,0.0,0.5541115215160998,0.1097377816273049,0.19816161997879395,1.0017509571364258,0.9676852004439906,1.210744956819315,1.2202406826546233
5.95,0.95,0.0,0.5514501523754719,0.10803443301700359,0.19510024805590437,1.0120828035615603,0.9787537400430477,1.2217033915702162,1.2316682626159063
6.0,0.95,0.0,0.5488065625982972,0.10634718290273436,0.1920632948299141,1.0224026507777702,0.9898190661543064,1.2326004409406206,1.243028852542934
6.05,0.95,0.0,0.5461806574106756,0.1046760870481749,0.18905103772259546,1.0327088854319877,1.0008791164142634,1.243434309719063,1.2543204620781914
6.1,0.95,0.0,0.5435723425345551,0.10302119738454442,0.18606374590510238,1.0429998999712842,1.011931829429487,1.2542032289897946,1.2655411302140822
6.15,0.95,0.0,0.5409815241838137,0.10138256200275418,0.18310168017184908,1.0532740933391223,1.022975145921136,1.2649054939039115,1.2766889672795465
6.2,0.95,0.0,0.5384081090603574,0.09976022514680097,0.1801650928194092,1.0635298716739956,1.0340070098756393,1.2755394506381668,1.2877621404429582
6.25,0.95,0.0,0.5358520043502367,0.09815422720847307,0.17725422753063944,1.0737656490097907,1.045025369700304,1.2861034700192462,1.2987588443950202
6.3,0.95,0.0,0.533313117719781,0.09656460472343407,0.1743693192642192,1.0839798479771932,1.0560281793825903,1.2965959823875417,1.309677340172973
6.35,0.95,0.0,0.5307913573117488,0.09499139036874941,0.17151059414979083,1.0941709005054352,1.0670133996517939,1.3070154794991489,1.3205159572778196
6.4,0.95,0.0,0.5282866317414988,0.09343461296191743,0.16867826938888184,1.1043372485236689,1.0779789991418265,1.3173604775525591,1.331273052501689
6.45,0.95,0.0,0.5257988500931764,0.09189429746145746,0.16587255316176838,1.1144773446612741,1.088922955553826,1.3276295439228532,1.3419470397991893
6.5,0.95,0.0,0.5233279219159194,0.09037046496911345,0.1630936445404457,1.124589652946345,1.0998432568172605,1.3378213178505378,1.3525364133984352
6.55,0.95,0.0,0.5208737572200816,0.08886313273371978,0.16034173340784924,1.1346726495016477,1.1107379022482275,1.347934465179176,1.3630396972348968
6.6,0.95,0.0,0.518436266473475,0.08737231415677657,0.15761700038346727,1.1447248232373015,1.1216049037036213,1.3579676923037802,1.3734554606204548
6.65,0.95,0.0,0.5160153605976305,0.08589801879977776,0.15491961675547475,1.1547446765394462,1.1324422867298334,1.3679197851121871,1.3837823619270575
6.7,0.95,0.0,0.5136109509640774,0.08444025239332936,0.1522497444195056,1.1647307259541588,1.1432480917046746,1.3777895616080345,1.3940190954353353
6.75,0.95,0.0,0.5112229493906405,0.08299901684809384,0.1496075358241726,1.1746815028658768,1.1540203749711853,1.387575870453335,1.4041643897375722
6.8,0.95,0.0,0.5088512681377582,0.08157431026759288,0.14699313392343413,1.1845955541695754,1.164757209962009,1.3972776401532605,1.4142170631168474
6.85,0.95,0.0,0.5064958199048177,0.0801661269628939,0.14440667213589475,1.1944714429359826,1.175456688313014,1.4068938417300252,1.4241759815153312
6.9,0.95,0.0,0.5041565178265115,0.07877445746920554,0.14184827431111596,1.2043077490690794,1.1861169209648617,1.4164234699275529,1.4340400373880888
6.95,0.95,0.0,0.5018332754692107,0.07739928856440191,0.13931805470300457,1.2141030699551627,1.1967360392512116,1.4258655902155273,1.4438082028926273
7.0,0.95,0.0,0.4995260068273609,0.07604060328949108,0.13681611795033388,1.2238560211027472,1.2073121959722832,1.4352193254636743,1.4534795148054758
7.05,0.95,0.0,0.49723462631989546,0.07469838097104035,0.13434255906444265,1.2335652367725936,1.2178435664524994,1.4444838192630465,1.4630530330153735
7.1,0.95,0.0,0.4949590487866701,0.07337259724556706,0.13189746342414352,1.24322937059715,1.2283283495809656,1.4536582694673352,1.4725278787219347
7.15,0.95,0.0,0.49269918948491714,0.0720632240858999,0.12948090677786714,1.252847096188719,1.2387647688335348,1.462741946509368,1.4819032552901756
7.2,0.95,0.0,0.49045496408572054,0.07077022982951042,0.12709295525305114,1.262417107735663,1.2491510732752542,1.4717341435924696,1.4911783915260792
7.25,0.95,0.0,0.4882262886705106,0.06949357920881483,0.12473366537277485,1.2719381205859697,1.259485538542005,1.48063418966538,1.5003525565561697
7.3,0.95,0.0,0.48601307972758045,0.0682332333834373,0.12240308407963219,1.2814088718175352,1.2697664678001583,1.4894414943562422,1.5094251112693122
7.35,0.95,0.0,0.4838152541486226,0.06698914997442716,0.12010124876681887,1.2908281207945025,1.2799921926831226,1.4981554984739032,1.518395451640602
7.4,0.95,0.0,0.48163272922528744,0.06576128310041586,0.11782818731640483,1.3001946497090455,1.290161074203667,1.506775665518598,1.5272629990507618
7.45,0.95,0.0,0.4794654226457623,0.06454958341569723,0.11558391814474792,1.3095072641079817,1.3002715036409493,1.5153015318739276,1.5360272581295327
7.5,0.95,0.0,0.47731325249137274,0.0633539981502122,0.11336845025499666,1.318764793403619,1.3103219034012044,1.5237326820367318,1.5446877882032364
7.55,0.95,0.0,0.47517613723320534,0.062174471151414015,0.11118178329661954,1.3279660913682703,1.3203107278510864,1.5320687173998055,1.5532441673182562
7.6,0.95,0.0,0.4730539957287521,0.06101094292798764,0.10902390763188552,1.337110036611885,1.3302364641227025,1.5403092911262337,1.5616960327433889
7.65,0.95,0.0,0.4709467472185783,0.05986335069539561,0.10689480440921409,1.3461955330422555,1.3400976328893957,1.5484541236566638,1.570043098975918
7.7,0.95,0.0,0.4688543113230112,0.05873162842321616,0.1047944456432995,1.355221510307304,1.3498927891114079,1.5565029540460067,1.5782851012196861
7.75,0.95,0.0,0.4667766080388527,0.057615706884239684,0.10272279430190692,1.3641869242189535,1.3596205227505576,1.5644555500321147,1.5864218071777678
7.8,0.95,0.0,0.4647135577361142,0.056515513705285826,0.10067980439922697,1.3730907571581221,1.369279459453148,1.5723117542897365,1.594453071103559
7.85,0.95,0.0,0.4626650811547751,0.055430973419699575,0.09866542109566677,1.3819320184604045,1.378868261200341,1.5800714390727837,1.6023787807893997
7.9,0.95,0.0,0.46063109940156416,0.05436200752148424,0.09667958080394576,1.390709744782025,1.3883856269252925,1.5877344924353187,1.61019884148361
7.95,0.95,0.0,0.45861153394676507,0.053308534521025235,0.094722211301357,1.3994230004456731,1.3978302930963897,1.5953008616221867,1.6179132269777066
8.0,0.95,0.0,0.4566063066210453,0.05227047000235634,0.09279323184804394,1.408070877765867,1.4072010342659833,1.6027705450400136,1.625521970149302
8.05,0.95,0.0,0.45461533961230954,0.05124772668191885,0.09089255331113814,1.4166524973534975,1.4164966635840488,1.6101435540482336,1.6330251179697666
8.1,0.95,0.0,0.4526385554625775,0.050240214468760674,0.08902007829459073,1.4251670083992611,1.4257160332762813,1.6174199318710127,1.640422753951137
8.15,0.95,0.0,0.45067587706488543,0.0492478405261206,0.08717570127452687,1.4336135889356907,1.4348580350861646,1.6245997893046216,1.647715040509553
8.2,0.95,0.0,0.448727227660214,0.04827050933434266,0.08535930873994409,1.4419914460775356,1.4439216006806104,1.6316832572514206,1.654902162645508
8.25,0.95,0.0,0.44679253083444,0.04730812275506025,0.08357077933856699,1.450299816240277,1.4529057020188314,1.6386704805342254,1.6619843206279734
8.3,0.95,0.0,0.4448717105153141,0.046360580096592836,0.08180998402766648,1.4585379653365698,1.4618093516841502,1.645561660896173,1.6689617813047029
8.35,0.95,0.0,0.4429646909694638,0.04542777818049041,0.08007678622964357,1.4667051889504703,1.4706316031785187,1.652357041344672,1.6758348594182897
8.4,0.95,0.0,0.4410713967994223,0.04450961140916627,0.07837104199217451,1.4748008124892875,1.4793715511795562,1.6590568742556964,1.6826038795438578
8.45,0.95,0.0,0.43919175294068413,0.04360597183455124,0.07669260015270658,1.482824191312981,1.488028331759991,1.6656614398788363,1.689269198331376
8.5,0.95,0.0,0.4373256846587862,0.04271674922770517,0.07504130250708894,1.4907747108410105,1.496601122569442,1.6721710785885484,1.6958312432618634
8.55,0.95,0.0,0.43547311754641577,0.04184183114931875,0.07341698398212022,1.4986517866366063,1.505089142978521,1.678586146763816,1.7022904596275048
8.6,0.95,0.0,0.4336339775205458,0.04098110302103813,0.07181947281178905,1.506454864468441,1.513491654185309,1.6849070104595978,1.7086473029432312
8.65,0.95,0.0,0.43180819081959654,0.0401344481975444,0.07024859071698017,1.5141834203497146,1.5218079592843021,1.691134083080892,1.7149022844664001
8.7,0.95,0.0,0.42999568400062577,0.03930174803931827,0.06870415308841646,1.5218369605547082,1.5300374032979873,1.6972678166321657,1.7210559606251818
8.75,0.95,0.0,0.428196383936545,0.03848288198602046,0.06718596917260233,1.5294150216128743,1.5381793731712623,1.7033086696814213,1.7271088943132151
8.8,0.95,0.0,0.426410217813365,0.03767772763041818,0.065693842260535,1.5369171702805677,1.5462332977289583,1.7092571182752148,1.7330616681346587
8.85,0.95,0.0,0.4246371131274686,0.03688616079278639,0.0642275698789449,1.5443430034905616,1.5541986475967915,1.7151136918487373,1.738914927961598
8.9,0.95,0.0,0.4228769976829126,0.036108055595714,0.06278694398382725,1.5516921482794968,1.5620749350861185,1.7208789363363401,1.7446693381936587
8.95,0.95,0.0,0.42112979958875724,0.03534328453924313,0.06137175115602414,1.5589642616934722,1.5698617140429103,1.7265534023046514,1.7503255673705955
9.0,0.95,0.0,0.41939544725642575,0.03459171857627206,0.059981772798618174,1.5661590306719833,1.577558579661433,1.7321376710907532,1.7558843200128882
9.05,0.95,0.0,0.4176738693970921,0.03385322718814947,0.05861678533589594,1.5732761719104658,1.5851651682631496,1.7376323652763002,1.7613463493834431
9.1,0.95,0.0,0.4159649950190987,0.033127678460391226,0.057276560413642104,1.5803154317017132,1.592681157041424,1.7430381129424872,1.7667124139534691
9.15,0.95,0.0,0.41426875342540315,0.03241493915844814,0.05596086510052426,1.587276585756479,1.600106263772645,1.7483555482771804,1.7719832781509304
9.2,0.95,0.0,0.4125850742110552,0.03171487480345623,0.05466946209033066,1.5941594390035783,1.6074402464944346,1.7535853453765557,1.7771597535775028
9.25,0.95,0.0,0.41091388726070394,0.031027349747899904,0.05340210990482432,1.600963825369854,1.614682903151655,1.758728202257636,1.7822426795216675
9.3,0.95,0.0,0.4092551227461345,0.03035222725111933,0.05215856309697856,1.607689607540383,1.6218340712109633,1.7637848183057807,1.787232895467887
9.35,0.95,0.0,0.4076087111238362,0.029689369554595793,0.05093857245436245,1.6143366766993157,1.6288936272447105,1.7687559031972302,1.7921312519850563
9.4,0.95,0.0,0.4059745831326007,0.02903863795694634,0.04974188520244635,1.62090495225179,1.635861486485011,1.7736422069098117,1.7969386473348015
9.45,0.95,0.0,0.40435266979115164,0.028399892888564114,0.04856824520760165,1.6273943815273495,1.6427376023488578,1.7784444898149148,1.8016559910018874
9.5,0.95,0.0,0.40274290239580507,0.027772993985838323,0.047417393179572255,1.6338049394653462,1.649521965935184,1.7831635119602618,1.8062841906303286
9.55,0.95,0.0,0.40114521251816126,0.027157800164890923,0.04628906687319882,1.6401366282828143,1.656214605494806,1.7878000489336978,1.8108241713436628
9.6,0.95,0.0,0.3995595320028283,0.026554169694768214,0.045183001289181866,1.6463894771253207,1.6628155858742175,1.792354909805857,1.8152768975964448
9.65,0.95,0.0,0.39798579296517733,0.02596196027002587,0.04409892887367365,1.652563541701323,1.6693250079342317,1.7968289064206397,1.8196433357963486
9.7,0.95,0.0,0.3964239277891299,0.02538102908264887,0.043036579716494175,1.6586589039005752,1.675743007944489,1.8012228493181233,1.8239244493460736
9.75,0.95,0.0,0.3948738691249771,0.024811232893247725,0.04199568174777154,1.6646756713971471,1.6820697569548853,1.8055375679718055,1.828121223165864
9.8,0.95,0.0,0.39333554988723124,0.024252428101475307,0.040975960932812514,1.670613977237631,1.6883054601449787,1.8097739166496727,1.8322346708021349
9.85,0.95,0.0,0.3918089032525103,0.023704470815609825,0.039977141465015346,1.6764739794151229,1.694450356152477,1.8139327483795447,1.836265802900319
9.9,0.95,0.0,0.3902938626574546,0.023167216921250434,0.03899894595664232,1.6822558604295894,1.700504716381895,1.8180149141331297,1.8402156262173923
9.95,0.95,0.0,0.3887903617966763,0.022640522149075172,0.038041095627275326,1.6879598268352318,1.7064688442945224,1.822021284407515,1.8440851696048453
10.0,0.95,0.0,0.3872983346207425,0.02212424214161195,0.03710331048978642,1.6935861087754678,1.7123430746808168,1.825952747057889,1.8478754814103036
10.05,0.95,0.0,0.3858177153341905,0.021618232518974805,0.036185309533659,1.69913495950618,1.718127772916382,1.8298101863799994,1.8515876043135069
10.1,0.95,0.0,0.3843484383935775,0.021122348943520886,0.03528681090550444,1.7046066549078647,1.7238233342026719,1.8335944837196994,1.855222576050802
10.15,0.95,0.0,0.38289043850556254,0.020636447183384126,0.03440753208662484,1.7100014929873377,1.72943018279359,1.8373065382182707,1.8587814541175756
10.2,0.95,0.0,0.3814436506250225,0.020160383174844997,0.033547190067480304,1.7153197933696536,1.7349487712091358,1.840947261081285,1.8622653089574301
10.25,0.95,0.0,0.38000800995320205,0.01969401308349672,0.03270550151892617,1.720561896780903,1.7403795794372696,1.844517558406512,1.8656752035341244
10.3,0.95,0.0,0.3785834519358971,0.019237193364171106,0.031882182960093076,1.725728164522552,1.745723114125152,1.8480183320951646,1.8690121944043607
10.35,0.95,0.0,0.37716991226167146,0.01878978081958885,0.031076950922789958,1.7308189779379957,1.7509799077609245,1.8514504985411455,1.8722773536666197
10.4,0.95,0.0,0.3757673268601084,0.01835163265770191,0.03028952211231842,1.7358347378719954,1.7561505178471792,1.8548149829592964,1.8754717623148542
10.45,0.95,0.0,0.3743756319000961,0.01792260654769707,0.029519613564594257,1.7407758641236684,1.7612355260672639,1.8581127043033132,1.8785964925464702
10.5,0.95,0.0,0.3729947637881464,0.017502560674632083,0.028766942799477897,1.745642794893706,1.7662355374455683,1.8613445758064697,1.8816526083878247
10.55,0.95,0.0,0.3716246591667485,0.017091353792678825,0.02803122797022669,1.7504359862264822,1.7711511795029078,1.8645115208022396,1.8846411839225707
10.6,0.95,0.0,0.3702652549127566,0.016688845276948885,0.027312188008985914,1.7551559114477169,1.7759831014081222,1.8676144698449413,1.8875632999881067
10.65,0.95,0.0,0.3689164881358119,0.01629489517388006,0.02660954276824583,1.7598030605983639,1.7807319731269837,1.870654346379123,1.890420027686718
10.7,0.95,0.0,0.36757829617679855,0.01590936425016376,0.025923013158197655,1.7643779398653692,1.7853984845694995,1.8736320666259658,1.893212428256148
10.75,0.95,0.0,0.3662506166063344,0.015532114040196759,0.02525232127993053,1.7688810710099514,1.789983344736667,1.8765485516522695,1.8959415666351682
10.8,0.95,0.0,0.36493338722329544,0.015163006892040715,0.024597190554417923,1.773312990794051,1.7944872808677201,1.8794047292218643,1.8986085135552793
10.85,0.95,0.0,0.3636265460533756,0.014801906011877962,0.02395734584725018,1.7776742504055745,1.7989110375888895,1.8822015195381312,1.9012143295426154
10.9,0.95,0.0,0.3623300313476796,0.014448675506951088,0.023332513589075985,1.7819654148830617,1.8032553760646732,1.8849398344148682,1.9037600639981058
10.95,0.95,0.0,0.36104378158135103,0.014103180426978345,0.022722421891724173,1.7861870625403964,1.8075210731525846,1.8876205847698595,1.9062467633549172
11.0,0.95,0.0,0.3597677354522341,0.013765286804038006,0.02212680065998362,1.7903397843921507,1.8117089205623216,1.8902446878344268,1.908675478927634
11.05,0.95,0.0,0.35850183187957035,0.013434861690916719,0.021545381699025895,1.7944241835801638,1.8158197240202782,1.892813053514042,1.9110472521022204
11.1,0.95,0.0,0.35724601000272865,0.01311177319791933,0.020977898817461958,1.7984408748019332,1.8198543024402825,1.8953265825651822,1.9133631123688672
11.15,0.95,0.0,0.3560002091799701,0.012795890528139347,0.020424087926031707,1.8023904837413816,1.8238134871014184,1.897786169701442,1.9156240805667981
11.2,0.95,0.0,0.35476436898724617,0.012487084011191212,0.019883687131930134,1.8062736465025515,1.8276981208337666,1.9001927140548203,1.9178311797790712
11.25,0.95,0.0,0.35353842921703166,0.012185225135407752,0.019356436828782134,1.8100910090467632,1.8315090572128472,1.902547108883123,1.9199854246434613
11.3,0.95,0.0,0.35232232987719114,0.011890186578507341,0.01884207978228182,1.8138432266337585,1.835247159763542,1.9048502377212326,1.922087817365552
11.35,0.95,0.0,0.3511160111898786,0.01160184223673772,0.018340361211519746,1.8175309632673375,1.8389133011742165,1.9071029750271065,1.9241393483681202
11.4,0.95,0.0,0.34991941359047163,0.011320067252504937,0.017851028866026644,1.8211548911459725,1.8425083625217455,1.9093061947323375,1.9261410046849392
11.45,0.95,0.0,0.3487324777265386,0.011044738040497649,0.01737383309856762,1.8247156901188688,1.8460332325080993,1.9114607676550708,1.9280937674439576
11.5,0.95,0.0,0.34755514445683916,0.01077573231231815,0.01690852693372562,1.8282140471479413,1.8494888067091246,1.9135675546159316,1.9299986051414217
11.55,0.95,0.0,0.3463873548503581,0.010512929099634095,0.01645486613231908,1.8316506557761196,1.8528759868361093,1.9156274062918448,1.9318564735166468
11.6,0.95,0.0,0.3452290501853721,0.010256208775865165,0.016012609251702285,1.8350262156024228,1.856195680010692,1.91764116672766,1.9336683187263046
11.65,0.95,0.0,0.3440801719485496,0.010005453076421634,0.015581517702002366,1.8383414317641844,1.8594487980536372,1.9196096784071466,1.935435081919779
11.7,0.95,0.0,0.3429406618340828,0.00976054511751166,0.01516135579835038,1.8415970144268252,1.862636256787968,1.9215337746807544,1.9371576924609708
11.75,0.95,0.0,0.34181046174285246,0.009521369413537404,0.014751890809169107,1.8447936782815195,1.8657589753569037,1.9234142784387163,1.9388370667593775
11.8,0.95,0.0,0.3406895137816251,0.009287811893099282,0.014352893000582794,1.8479321420511106,1.8688178755570242,1.9252520025483963,1.9404741086394555
11.85,0.95,0.0,0.3395777602622818,0.009059759913630486,0.013964135677018562,1.851013128004587,1.8718138811870417,1.9270477551574332,1.9420697135249254
11.9,0.95,0.0,0.338475143701079,0.0088371022746839,0.013585395218072132,1.8540373614804382,1.8747479174125272,1.9288023380250512,1.9436247671590023
11.95,0.95,0.0,0.3373816068179405,0.00861972922989547,0.013216451111713753,1.8570055704191553,1.8776209101469072,1.93051654236563,1.9451401423754187
12.0,0.95,0.0,0.3362970925357813,0.00840753249764844,0.012857085983913242,1.859918484905157,1.8804337854490074,1.9321911487882717,1.9466166990809406
12.05,0.95,0.0,0.33522154397986176,0.008200405270464152,0.012507085624765272,1.8627768367183783,1.8831874689373906,1.9338269284841898,1.9480552850170596
12.1,0.95,0.0,0.3341549044771731,0.007998242223145725,0.012166239011198886,1.8655813588957508,1.885882885221704,1.9354246471038137,1.949456738162738
12.15,0.95,0.0,0.33309711755585253,0.007800939519702029,0.011834338326357014,1.8683327853027798,1.8885209573512112,1.936985061001693,1.9508218844848133
12.2,0.95,0.0,0.33204812694462876,0.007608394819079725,0.011511178975734032,1.8710318502154084,1.8911026062806646,1.9385089158710513,1.9521515371464657
12.25,0.95,0.0,0.3310078765722978,0.0074205072797322415,0.01119655960016102,1.8736792879123338,1.8936287503536284,1.9399969468013698,1.953446496582145
12.3,0.95,0.0,0.32997631056722754,0.007237177563054728,0.010890282085729544,1.876275832277928,1.8961003048033467,1.9414498797685082,1.9547075510172158
12.35,0.95,0.0,0.3289533732568913,0.007058307835714752,0.010592151570746385,1.8788222164158965,1.8985181812712106,1.9428684333451967,1.9559354770573114
12.4,0.95,0.0,0.3279390091674307,0.006883801770909128,0.010301976449812894,1.881319172273784,1.9008832873428556,1.9442533159241038,1.9571310388910295
12.45,0.95,0.0,0.3269331630232464,0.006713564548577362,0.010019568375122795,1.8837674302784273,1.9031965261018882,1.9456052253489138,1.9582949882389997
12.5,0.95,0.0,0.32593577974661725,0.006547502854602882,0.009744742255073803,1.886167718982431,1.9054587957012206,1.9469248489909714,1.9594280644316504
12.55,0.95,0.0,0.3249468044573463,0.006385524879033075,0.009477316250287823,1.8885207647217286,1.9076709889519603,1.9482128648228185,1.960530994134395
12.6,0.95,0.0,0.3239661824724348,0.006227540313349959,0.00921711176713606,1.890827291284272,1.9098339929297765,1.9494699420495858,1.9616044912327588
12.65,0.95,0.0,0.3229938593057828,0.006073460346822999,0.008963953448864238,1.8930880195898798,1.9119486885986456,1.9506967396384014,1.9626492574686112
12.7,0.95,0.0,0.3220297806679155,0.005923197661975876,0.008717669164413546,1.8953036673812553,1.9140159504518532,1.9518939062372436,1.9636659825838232
12.75,0.95,0.0,0.32107389246573653,0.005776666429199154,0.008478089995033073,1.8974749489261709,1.9160366461701062,1.9530620802493621,1.964655344397585
12.8,0.95,0.0,0.32012614080230584,0.005633782300540679,0.008245050218778156,1.8996025747308019,1.918011636296589,1.9542018902330105,1.965618007828562
12.85,0.95,0.0,0.3191864719766434,0.005494462402705728,0.008018387292989461,1.901687251264177,1.9199417739287794,1.9553139551814454,1.9665546243142065
12.9,0.95,0.0,0.318254832483557,0.005358625329298317,0.00779794183484603,1.9037296806936985,1.921827904426816,1.956398884079374,1.9674658335978035
12.95,0.95,0.0,0.31733116901349434,0.005226191132335774,0.007583557600085319,1.9057305606316757,1.923670865138205,1.957457275925323,1.9683522640008981
13.0,0.95,0.0,0.31641542845241866,0.0050970813130676185,0.0073750814599819825,1.9076905838927927,1.9254714851386114,1.9584897198087319,1.9692145325195456
13.05,0.95,0.0,0.3155075578817082,0.004971218812130401,0.0071723633766760915,1.9096104382624313,1.927230584988495,1.9594967948358166,1.9700532437602567
13.1,0.95,0.0,0.3146075045780775,0.0048485279990690385,0.006975256376940074,1.9114908062757516,1.9289489765053145,1.96047906997189,1.9708689882314
13.15,0.95,0.0,0.31371521601352137,0.004728934661255739,0.006783616524472654,1.9133323650074194,1.93062746255102,1.9614371044690746,1.9716623450851296
13.2,0.95,0.0,0.31283063985528065,0.004612365992236685,0.006597302890806485,1.915135785871865,1.9322668368345357,1.962371448013824,1.972433882717576
13.25,0.95,0.0,0.31195372396582877,0.004498750579536419,0.006416177524914384,1.9169017344339412,1.9338678837289318,1.963282640810138,1.9731841588717738
13.3,0.95,0.0,0.3110844164028797,0.004388018391949729,0.006240105421598024,1.9186308702298467,1.9354313781029622,1.9641712134876679,1.9739137201885255
13.35,0.95,0.0,0.3102226654194153,0.004280100766349869,0.00606895448874056,1.9203238465981638,1.9369580851666486,1.9650376861831875,1.9746230991596503
13.4,0.95,0.0,0.3093684194637325,0.004174930394042111,0.005902595513503442,1.9219813105208563,1.938448760330571,1.96588256936637,1.9753128165557539
13.45,0.95,0.0,0.30852162717951015,0.004072441306690708,0.005740902127545672,1.9236039024740639,1.9399041490785245,1.966706364431336,1.975983383116545
13.5,0.95,0.0,0.3076822374058937,0.003972568861846906,0.005583750771341681,1.9251922562885198,1.9413249868531945,1.9675095637855438,1.9766352996609948
13.55,0.95,0.0,0.3068501991775982,0.0038752497281052327,0.005431020657672291,1.926746999019419,1.9427119989544925,1.96829265092013,1.9772690571514524
13.6,0.95,0.0,0.3060254617250287,0.0037804218699146602,0.005282593734361107,1.9282687508255476,1.9440659004502,1.9690560994725659,1.977885134390466
13.65,0.95,0.0,0.30520797447441794,0.0036880245320707102,0.005138354646326921,1.9297581248574847,1.945387396098546,1.96980037280223,1.9784839969209156
13.7,0.95,0.0,0.30439768704797954,0.0035979982239137476,0.00499819069702003,1.9312157271546857,1.9466771802823664,1.970525925600834,1.9790661007032617
13.75,0.95,0.0,0.3035945492640779,0.003510284703258541,0.0048619918093091305,1.9326421565512402,1.9479359369544629,1.971233204122297,1.9796318925500778
13.8,0.95,0.0,0.3027985111374129,0.003424826960079098,0.004729650485882612,1.9340380045901093,1.9491643395938014,1.9719226462729402,1.980181810231671
13.85,0.95,0.0,0.30200952287921884,0.0033415691999724266,0.004601061769226332,1.9354038554456254,1.950363051172172,1.9725946815396365,1.9807162822557605
13.9,0.95,0.0,0.3012275348974786,0.0032604568274241705,0.004476123201237873,1.9367402858540506,1.9515327241309437,1.9732497292817672,1.9812357243620486
13.95,0.95,0.0,0.30045249779714983,0.003181436428898254,0.00435473478253469,1.9380478650519783,1.9526740003675442,1.9738881995616027,1.9817405411118107
14.0,0.95,0.0,0.29968436238040536,0.0031044557557723443,0.0042367989315121165,1.9393271547223592,1.953787511231289,1.9745104945650305,1.9822311286619931
14.05,0.95,0.0,0.2989230796468853,0.003029463707139941,0.004122220443204433,1.9405787089479378,1.9548738775282004,1.975117008716742,1.9827078749180636
14.1,0.95,0.0,0.29816860079396096,0.0029564103124993554,0.004010906448000326,1.941803074171879,1.9559337095344473,1.9757081287712541,1.9831711596378618
14.15,0.95,0.0,0.29742087721701,0.00288524671434931,0.003902766370262141,1.9430007891653627,1.9569676070180435,1.9762842336171187,1.983621354015919
14.2,0.95,0.0,0.29667986050970246,0.0028159251507099683,0.00379771188689587,1.9441723850019272,1.9579761592684486,1.9768456922770525,1.9840588170017832
14.25,0.95,0.0,0.2959455024642963,0.002748398937587656,0.00369565688591694,1.9453183850383426,1.9589599451337127,1.9773928652990536,1.984483897756202
14.3,0.95,0.0,0.29521775507194287,0.0026826224514010233,0.0035965174250549054,1.9464393049017865,1.9599195330648198,1.9779261060678657,1.9848969379628363
14.35,0.95,0.0,0.29449657052300093,0.0026185511113852957,0.003500211690437833,1.947535652483111,1.9608554811668821,1.9784457609037325,1.9852982719445256
14.4,0.95,0.0,0.29378190120735914,0.0025561413619910912,0.0034066599553954657,1.9486079279359712,1.961768337256843,1.9789521691522982,1.9856882267633007
14.45,0.95,0.0,0.2930736997147661,0.0024953506552933134,0.0033157845394181148,1.949656623681605,1.9626586389273604,1.979445663100077,1.9860671220276516
14.5,0.95,0.0,0.2923719188351678,0.002436137433425023,0.0032275097673063096,1.9506822244190423,1.963526913616535,1.979926565977377,1.9864352664919533
14.55,0.95,0.0,0.29167651155905094,0.002378461111050589,0.0031417619285443537,1.9516852071405308,1.964373678683166,1.9803951928269847,1.9867929594621383
14.6,0.95,0.0,0.29098743107779335,0.00232228205789182,0.0030584692369291836,1.9526660411519623,1.9651994414872183,1.980851852204573,1.9871404935961765
14.65,0.95,0.0,0.2903046307840187,0.0022675615813200225,0.0029775617904838994,1.9536251880980917,1.9660046994751885,1.9812968462997844,1.9874781550556577
14.7,0.95,0.0,0.2896280642719566,0.0022142619090263333,0.002898971531683675,1.9545631019923377,1.9667899402700735,1.9817304710233283,1.9878062236002896
14.75,0.95,0.0,0.28895768533780714,0.0021623461717822597,0.0028226322080201465,1.9554802292509583,1.967555641765641,1.982153016083861,1.9881249726661931
14.8,0.95,0.0,0.2882934479801084,0.0021117783863013623,0.0027484793329283046,1.9563770087314043,1.9683022722247208,1.982564763809895,1.9884346674630047
14.85,0.95,0.0,0.28763530640010826,0.0020625234382128854,0.002676450147098861,1.957253871774641,1.9690302903812307,1.9829659880827062,1.9887355632461603
14.9,0.95,0.0,0.2869832150021377,0.0020145470651571438,0.00260648358019679,1.958111242251251,1.9697401455456693,1.9833569567203648,1.9890279090372782
14.95,0.95,0.0,0.28633712839398656,0.0019678158400121683,0.002538520213005725,1.9589495366111191,1.9704322777138117,1.9837379318593902,1.989311948183493
15.0,0.95,0.0,0.2856970013872812,0.0019222971542605125,0.0024725022400161785,1.9597691639365116,1.971107117678346,1.984109170037646,1.9895879184451724
15.05,0.95,0.0,0.2850627889978625,0.0018779592015044386,0.0024083734324740215,1.9605705259983655,1.9717650871432084,1.9844709222770416,1.9898560520833515
15.1,0.95,0.0,0.2844344464461649,0.0018347709611373645,0.0023460791019044532,1.9613540173156037,1.9724065988403725,1.9848234340482775,1.9901165757703667
15.15,0.95,0.0,0.28381192915759457,0.0017927021821787677,0.0022855660641250947,1.962120025217299,1.9730320566488597,1.9851669434502064,1.9903697078238392
15.2,0.95,0.0,0.28319519276290783,0.0017517233672793943,0.002226782603760777,1.962868929907514,1.973641855715748,1.985501681703758,1.9906156589107538
15.25,0.95,0.0,0.2825841930985878,0.0017118057569029603,0.002169678439271145,1.9636011045326456,1.97423638257896,1.9858278749502676,1.9908546347071938
15.3,0.95,0.0,0.2819788862072198,0.0016729213136902326,0.002114204688501085,1.9643169152511115,1.9748160152916217,1.9861457443846706,1.9910868360617502
15.35,0.95,0.0,0.2813792283378644,0.0016350427070107643,0.00206031383476277,1.9650167213052117,1.9753811235477918,1.98645550633279,1.9913124590752085
15.4,0.95,0.0,0.28078517594642777,0.0015981432977071838,0.002007959693457008,1.965700875095018,1.9759320688093664,1.9867573723282757,1.991531695179817
15.45,0.95,0.0,0.2801966856960293,0.0015621971230365705,0.0019570973792405796,1.9663697222541276,1.9764692044339744,1.9870515490885172,1.9917447310739753
15.5,0.95,0.0,0.27961371445736505,0.0015271788818128358,0.001907683273745097,1.9670236017271439,1.9769928758036857,1.9873382368478782,1.9919517463048058
15.55,0.95,0.0,0.2790362193090675,0.0014930639197538583,0.0018596749938520382,1.9676628458487306,1.9775034204543604,1.9876176297486639,1.9921529137973844
15.6,0.95,0.0,0.27846415753806086,0.001459828215036564,0.0018130313605276894,1.9682877804241095,1.978001168205478,1.9878899175440037,1.9923484022626854
15.65,0.95,0.0,0.2778974866399109,0.001427448364062822,0.0017677123682207356,1.9688987248108596,1.9784864412902885,1.988155285726284,1.9925383763511213
15.7,0.95,0.0,0.2773361643191697,0.0013959015674387112,0.0017236791548245103,1.9694959920018946,1.9789595544861383,1.9884139155978544,1.9927229967235618
15.75,0.95,0.0,0.27678014848971455,0.0013651656161692673,0.0016808939722050486,1.9700798887094852,1.9794208152448298,1.9886659843412795,1.9929024201218462
15.8,0.95,0.0,0.27622939727508034,0.0013352188780705924,0.0016393201572953693,1.9706507154502106,1.979870523822879,1.9889116650871503,1.9930767994360647
15.85,0.95,0.0,0.27568386900878517,0.0013060402844007942,0.0015989221037556423,1.9712087666307219,1.9803089734115442,1.9891511261551922,1.9932462826358266
15.9,0.95,0.0,0.27514352223464933,0.0012776093167110412,0.0015596652341982973,1.971754330634201,1.9807364502665041,1.989384529896392,1.9934110111533463
15.95,0.95,0.0,0.2746083157071056,0.0012499059939175123,0.0015215159729763286,1.9722876899074102,1.981153233837072,1.9896120346237485,1.9935711225113937
16.0,0.95,0.0,0.27407820839150293,0.0012229108595950677,0.0014844417195327693,1.9728091210482284,1.981559596894837,1.9898337950168812,1.993726750854005
16.05,0.95,0.0,0.273553159464401,0.0011966049694928438,0.0014484108223083156,1.9733188948935698,1.9819558056616287,1.9900499621855934,1.9938780270086507
16.1,0.95,0.0,0.2730331283138561,0.001170969879271992,0.0014133925532039324,1.9738172766075968,1.9823421199367144,1.9902606837329084,1.9940250785478502
16.15,0.95,0.0,0.2725180745396981,0.0011459876324654034,0.001379357082594522,1.9743045257701277,1.9827187932231314,1.9904661038175808,1.9941680298502222
16.2,0.95,0.0,0.2720079579537981,0.0011216407486591086,0.0013462754548894758,1.9747808964651568,1.9830860728530764,1.9906663632001835,1.9943070021399771
16.25,0.95,0.0,0.27150273858032603,0.0010979122118947341,0.001314119564635292,1.9752466373694002,1.98344420011227,1.990861598287549,1.9944421122022138
16.3,0.95,0.0,0.2710023766559982,0.0010747854592922843,0.001282862133155218,1.975701991840791,1.9837934103632215,1.9910519406368736,1.9945734717061245
16.35,0.95,0.0,0.2705068326303147,0.0010522443698923363,0.001252476685720443,1.9761471980068437,1.9841339331673291,1.991237518583346,1.9947011893360116
16.4,0.95,0.0,0.2700160671657856,0.0010302732537163686,0.0012229375292469905,1.9765824888528183,1.9844659924057502,1.9914184574491594,1.9948253710468231
16.45,0.95,0.0,0.2695300411381464,0.0010088568410440897,0.0011942197305122376,1.9770080923096134,1.984789806398979,1.991594879599174,1.994946120117102
16.5,0.95,0.0,0.2690487156365622,0.0009879802719061578,0.0011662990948846136,1.9774242313413268,1.9851055880250883,1.9917669044960211,1.99506353720137
16.55,0.95,0.0,0.26857205196381967,0.000967629085790709,0.0011391521455598095,1.977831124032418,1.9854135448365717,1.9919346487546334,1.9951777203819345
16.6,0.95,0.0,0.26810001163650815,0.0009477892115619975,0.0011127561032966712,1.978228983674415,1.9857138791757534,1.9920982261962055,1.9952887652201103
16.65,0.95,0.0,0.26763255638518735,0.0009284469575891338,0.0010870888666455547,1.9786180188521139,1.9860067882887165,1.992257747521096,1.9953967643225363
16.7,0.95,0.0,0.2671696481545436,0.0009095890020830256,0.001062128992661945,1.9789984335292137,1.9862924644377178,1.9924133191664435,1.99550180586983
16.75,0.95,0.0,0.2667112491035329,0.0008912023836393154,0.0010378556780978316,1.9793704271333452,1.9865710950120514,1.9925650446107268,1.995603975260235
16.8,0.95,0.0,0.2662573216055113,0.0008732744919851186,0.0010142487410632292,1.9797341946404379,1.986842862637334,1.9927130248600142,1.995703355711767
16.85,0.95,0.0,0.2658078282483523,0.0008557930589272511,0.000991288603150145,1.9800899266583951,1.9871079452831868,1.992857358495825,1.995800028306476
16.9,0.95,0.0,0.26536273183455056,0.0008387461494994794,0.0009689562720110867,1.9804378095100248,1.9873665163692875,1.992998141722422,1.9958940720341538
16.95,0.95,0.0,0.264921995381312,0.0008221221533063595,0.0009472333243842432,1.9807780253151994,1.9876187448697766,1.9931354684135412,1.9959855638354864
17.0,0.95,0.0,0.264485582120631,0.0008059097760610818,0.0009261018895573047,1.9811107520722013,1.9878647954159976,1.9932694301585427,1.9960745786446532
17.05,0.95,0.0,0.264053455499353,0.0007900980313146663,0.0009055446332618606,1.9814361637382296,1.988104828397561,1.9934001163079673,1.9961611894313305
17.1,0.95,0.0,0.2636255791792229,0.0007746762323738426,0.000885544741990237,1.9817544303090349,1.9883390000617207,1.9935276136450368,1.9962454667833478
17.15,0.95,0.0,0.26320191703691986,0.0007596339844048851,0.000866085907726695,1.9820657178976522,1.9885674626110477,1.9936520055249425,1.996327477835699
17.2,0.95,0.0,0.2627824331640773,0.0007449611767205765,0.0008471523130848018,1.9823701888122174,1.988790364299409,1.993773372997795,1.9964072876365129
17.25,0.95,0.0,0.2623670918672886,0.0007306479752475372,0.0008287286168428164,1.9826680016328306,1.9890078495262309,1.9938917951447677,1.9964849595466385
17.3,0.95,0.0,0.26195585766809826,0.0007166848151709747,0.0008107999398689509,1.9829593112874575,1.9892200589290612,1.9940073491180157,1.9965605552754826
17.35,0.95,0.0,0.26154869530297764,0.0007030623937540351,0.0007933518514283701,1.983244269126846,1.9894271294744206,1.9941201101800536,1.9966341349163417
17.4,0.95,0.0,0.2611455697232869,0.0006897716633288246,0.0007763703558638465,1.9835230229984406,1.9896291945469495,1.9942301517425944,1.9967057569812254
17.45,0.95,0.0,0.26074644609522124,0.0006768038244561386,0.0007598418796419884,1.9837957173192824,1.9898263840368555,1.9943375454048444,1.996775478435172
17.5,0.95,0.0,0.2603512897997424,0.0006641503192510024,0.0007437532587570425,1.9840624931478799,1.990018824425666,1.9944423609912594,1.9968433547300506
17.55,0.95,0.0,0.259960066432495,0.0006518028248710098,0.0007280917264842889,1.9843234882550427,1.9902066388702977,1.994544666572897,1.9969094398190452
17.6,0.95,0.0,0.2595727418037071,0.0006397532471645449,0.000712844901475155,1.9845788371936628,1.9903899472854434,1.9946445278860139,1.9969737854560345
17.65,0.95,0.0,0.25918928193807733,0.0006279937144759263,0.000698000776186253,1.984828671367445,1.9905688664243004,1.9947420082057967,1.9970364410351744
17.7,0.95,0.0,0.2588096530746442,0.0006165165716044331,0.0006835477056344798,1.98507311909857,1.9907435099576394,1.9948371691961493,1.9970974545888056
17.75,0.95,0.0,0.25843382166664225,0.0006053143739143853,0.000669474396470672,1.9853123056942918,1.990913988551237,1.994930071001591,1.9971568728861835
17.8,0.95,0.0,0.25806175438134155,0.0005943798815931993,0.0006557698963640963,1.9855463535124656,1.99108040994168,1.9950207722794486,1.9972147414615016
17.85,0.95,0.0,0.2576934180998724,0.0005837060540545822,0.0006424235836903766,1.985775382025999,1.9912428790105605,1.9951093302315597,1.997271104641466
17.9,0.95,0.0,0.2573287799170344,0.0005732860444838783,0.0006294251575154374,1.985999507886233,1.9914014978570795,1.9951958006354817,1.9973260055724253
17.95,0.95,0.0,0.25696780714109047,0.0005631131945227071,0.000616764627868183,1.9862188449852458,1.9915563658690691,1.9952802378752155,1.9973794862470589
18.0,0.95,0.0,0.2566104672935447,0.0005531810290899665,0.0006044323062947152,1.9864335045170862,1.9917075797924637,1.9953626949714405,1.997431587530621
18.05,0.95,0.0,0.2562567281089059,0.0005434832513363833,0.0005924187966870585,1.986643595037933,1.991855233799227,1.9954432236112638,1.9974823491867477
18.1,0.95,0.0,0.2559065575344349,0.00053401373772973,0.0005807149863793798,1.9868492225251917,1.991999419553761,1.995521874044382,1.9975318097505121
18.15,0.95,0.0,0.25555992372987696,0.0005247665332679188,0.0005693120375048701,1.987050490435524,1.9921402262778185,1.9955986944931547,1.9975800058453703
18.2,0.95,0.0,0.25521679506717876,0.0005157358468171968,0.0005582013786065888,1.9872474997618208,1.9922777408139345,1.9956737317108921,1.997626972814116
18.25,0.95,0.0,0.25487714013019014,0.0005069160465726429,0.0005473746964955924,1.987440349089124,1.9924120476874025,1.9957470312901733,1.9976727450639125
18.3,0.95,0.0,0.25454092771435066,0.0004983016556383069,0.0005368239283499017,1.9876291346494988,1.9925432291668148,1.9958186376886629,1.9977173560881736
18.35,0.95,0.0,0.25420812682636135,0.0004898873477242446,0.0005265412540479094,1.9878139503758727,1.9926713653231896,1.9958885942541393,1.9977608384876555
18.4,0.95,0.0,0.2538787066838405,0.0004816679429578174,0.0005165190887299557,1.987994887954839,1.9927965340877085,1.9959569432491013,1.997803223991182
18.45,0.95,0.0,0.2535526367149655,0.0004736384038066227,0.0005067500755819706,1.9881720368784412,1.992918811308086,1.996023725874951,1.9978445434759946
18.5,0.95,0.0,0.2532298865580992,0.0004657938311104956,0.0004972270788351507,1.9883454844949444,1.9930382708035912,1.9960889822957577,1.9978848269877412
18.55,0.95,0.0,0.2529104260614014,0.0004581294602199835,0.0004879431769757577,1.988515316058601,1.9931549844187515,1.9961527516616073,1.9979241037600952
18.6,0.95,0.0,0.25259422528242614,0.00045064065723883815,0.000478891656159333,1.9886816147784265,1.993269022075755,1.996215072131537,1.9979624022340183
18.65,0.95,0.0,0.2522812544877036,0.0004433229153679994,0.00047006600382360045,1.9888444618659913,1.9933804518255758,1.9962759808924122,1.9979997500726299
18.7,0.95,0.0,0.2519714841523079,0.0004361718513486834,0.00046145990249459533,1.9890039365822394,1.9934893398978524,1.9963355138939851,1.9980361738624428
18.75,0.95,0.0,0.25166488495941075,0.000429183202002147,0.00045306722378059847,1.98916011628335,1.99359575074953,1.9963937056836922,1.9980716989249492
18.8,0.95,0.0,0.25136142779982035,0.0004223528208637973,0.0004448820225485809,1.989313076465648,1.993699747112305,1.9964505898994898,1.9981063498556664
18.85,0.95,0.0,0.2510610837715061,0.0004156766749093112,0.00043689853127799644,1.9894628908095788,1.9938013900388802,1.9965061993399984,1.9981401505960519
18.9,0.95,0.0,0.2507638241791099,0.00040915084137051704,0.00042911115458690944,1.9896096312227594,1.9939007389480663,1.9965605659835775,1.998173124449056
18.95,0.95,0.0,0.2504696205334428,0.00040277150463878964,0.0004215144639254887,1.9897533678821173,1.993997851668745,1.9966137210070478,1.9982052940943746
19.0,0.95,0.0,0.2501784445509682,0.00039653495325376643,0.0004141031924320858,1.9898941692751293,1.9940927844827216,1.9966656948040644,1.9982366816034103
19.05,0.95,0.0,0.24989026815327173,0.0003904375769752526,0.00040687222994720246,1.990032102240177,1.9941855921664844,1.9967165170031485,1.9982673084539404
19.1,0.95,0.0,0.2496050634665171,0.0003844758639361934,0.00039981661818075403,1.9901672320060257,1.9942763280319014,1.9967662164853752,1.9982971955444986
19.15,0.95,0.0,0.24932280282088898,0.0003786463978746396,0.00039293154602817256,1.9902996222304468,1.99436504396587,1.9968148214017263,1.9983263632084711
19.2,0.95,0.0,0.24904345875002284,0.00037294585544271077,0.0003862123450309999,1.9904293350379916,1.994451790468945,1.9968623591901096,1.998354831227912
19.25,0.95,0.0,0.2487670039904215,0.00036737100359053517,0.00037965448497770854,1.9905564310569321,1.9945366166929672,1.9969088565920494,1.9983826188470808
19.3,0.95,0.0,0.248493411480859,0.00036191869702324655,0.0003732535696406227,1.9906809694553849,1.9946195704777157,1.9969543396647533,1.9984097447811167
19.35,0.95,0.0,0.2482226543617718,0.00035658587572912434,0.0003670053326449134,1.990803007976625,1.9947006983865994,1.9969988335812172,1.9984362269982667
19.4,0.95,0.0,0.24795470597463767,0.00035136956257702406,0.0003609056334657279,1.9909226029736116,1.9947800457414213,1.9970423625594804,1.9984620826402084
19.45,0.95,0.0,0.24768953986134204,0.00034626686098125745,0.00035495045354963983,1.9910398094427295,1.9948576566562215,1.9970849501893606,1.998487328367204
19.5,0.95,0.0,0.24742712976353223,0.00034127495263215347,0.00034913589255669043,1.9911546810567733,1.9949335740702328,1.9971266194730246,1.9985119803975164
19.55,0.95,0.0,0.24716744962196013,0.0003363910952905652,0.00034345816471940895,1.9912672701971719,1.9950078397799624,1.9971673928387184,1.9985360545182178
19.6,0.95,0.0,0.24691047357581258,0.0003316126206445772,0.00033791359531526823,1.9913776279854805,1.9950804944704237,1.9972072921542223,1.9985595660957667
19.65,0.95,0.0,0.24665617596203065,0.0003269369322268025,0.0003324986172491629,1.9914858043141448,1.9951515777455329,1.9972463387400405,1.9985825300863747
19.7,0.95,0.0,0.24640453131461737,0.000322361503390594,0.00032720976774256176,1.9915918478765573,1.995221128157698,1.9972845533823198,1.9986049610461478
19.75,0.95,0.0,0.24615551436393435,0.00031788387534360346,0.0003220436851260996,1.9916958061964125,1.9952891832366122,1.997321956345509,1.9986268731410206
19.8,0.95,0.0,0.24590910003598726,0.00031350165523712735,0.0003169971057324361,1.9917977256563801,1.9953557795172767,1.9973585673847591,1.9986482801564758
19.85,0.95,0.0,0.24566526345170092,0.00030921251430972405,0.0003120668608863413,1.991897651526108,1.9954209525672664,1.9973944057580677,1.9986691955070577
19.9,0.95,0.0,0.2454239799261835,0.0003050141860836139,0.0003072498739890006,1.9919956279895628,1.9954847370132605,1.997429490238173,1.998689632245683
19.95,0.95,0.0,0.24518522496798043,0.00030090446461242953,0.0003025431576936592,1.9920916981717318,1.9955471665668563,1.997463839124198,1.9987096030727465
20.0,0.95,0.0,0.24494897427831816,0.0002968812027788891,0.0002979438111697845,1.9921859041646868,1.9956082740496799,1.9974974702530541,1.998729120345032
3.0,0.99,0.0,0.7149735894613676,0.21495115378553697,0.3772484183692784,0.4983185853638128,0.4459999403647217,0.6258546930827034,0.6098998769430201
3.05,0.99,0.0,0.7109502027602146,0.21238239780116647,0.3731229582525614,0.5079760098064847,0.4555742663353973,0.6378207101979322,0.6223176066605497
3.1,0.99,0.0,0.7069503655621421,0.2098211569804687,0.3689970860561571,0.5177185020866906,0.46525454080855666,0.6498718820717714,0.6348304554604076
3.15,0.99,0.0,0.7029739451673152,0.20726773091715997,0.36487138952256465,0.5275449121140434,0.4750398736016094,0.662005577071103,0.6474354902961418
3.2,0.99,0.0,0.699020809649211,0.20472241616713205,0.3607464584639637,0.5374540600846791,0.484929329285787,0.6742190933328973,0.6601296993199768
3.25,0.99,0.0,0.695090827850203,0.20218550626469287,0.35662288471179016,0.5474447365937194,0.49492192683001823,0.6865096542175368,0.6729099867804903
3.3,0.99,0.0,0.6911838693771711,0.19965729173839705,0.3525012620594821,0.5575157027446607,0.5050166392563337,0.6988744697831493,0.6857732420531856
3.35,0.99,0.0,0.6872998045971354,0.19713806012624469,0.34838218619807865,0.567665690256445,0.5152123933084581,0.7113106619032177,0.6987162558961553
3.4,0.99,0.0,0.6834385046329151,0.1946280959900168,0.3442662546443812,0.5778934015691202,0.5255080691352348,0.7238153142745078,0.7117357763856815
3.45,0.99,0.0,0.679599841358812,0.19212768092854207,0.3401540666614036,0.5881975099489605,0.5359024999905909,0.7363854831411362,0.7248285210115181
3.5,0.99,0.0,0.6757836873963172,0.18963709358968822,0.33604622317086363,0.5985766595940152,0.5463944719517415,0.749018142253811,0.737991115295062
3.55,0.99,0.0,0.6719899161098422,0.1871566096808787,0.33194332665749016,0.6090294657411115,0.5569827236573602,0.7617102520656389,0.7512201699633236
3.6,0.99,0.0,0.6682184016024747,0.18468650197795877,0.3278459810649469,0.6195545147753139,0.5676659460674379,0.7744587255314608,0.7645122429560401
3.65,0.99,0.0,0.6644690187117571,0.18222704033223144,0.32375479168319177,0.6301503643429429,0.5784427822465764,0.7872604188140604,0.7778638290894665
3.7,0.99,0.0,0.6607416430054889,0.17977849167550305,0.319670365027125,0.6408155434692548,0.5893118271724321,0.8001121811984163,0.7912714155921307
3.75,0.99,0.0,0.6570361507775524,0.17734112002298894,0.31559330870639424,0.6515485526819011,0.6002716275710434,0.8130108041348809,0.804731425580886
3.8,0.99,0.0,0.6533524190437621,0.17491518647393903,0.311524231286259,0.6623478641413356,0.611320681780747,0.8259530513977947,0.8182402515213376
3.85,0.99,0.0,0.6496903255377369,0.17250094920986075,0.30746374213943534,0.6732119217793127,0.62245743964638,0.8389356737044227,0.8317942714928113
3.9,0.99,0.0,0.646049748706795,0.17009866349021993,0.3034124512888713,0.6841391414466886,0.6336803024454364,0.8519553702924535,0.8453898066644924
3.95,0.99,0.0,0.6424305677078725,0.1677085816455285,0.29937096924142664,0.6951279110716544,0.6449876228478268,0.8650088327508794,0.8590231698095517
4.0,0.99,0.0,0.6388326624034635,0.1653309530677206,0.29533990681245686,0.7061765908296449,0.6563777049108576,0.8780927304963134,0.8726906493049286
4.05,0.99,0.0,0.6352559133575837,0.16296602419775344,0.2913198749413278,0.7172835133260473,0.6678488041110007,0.8912037007951159,0.8863884981172894
4.1,0.99,0.0,0.6317002018317558,0.16061403851036316,0.2873114844979066,0.7284469837929148,0.6793991274140087,0.9043383803636522,0.9001129686986481
4.15,0.99,0.0,0.6281654097810178,0.1582752364959339,0.28331534608010833,0.7396652803008248,0.6910268333848584,0.9174933822414449,0.9138602875398515
4.2,0.99,0.0,0.6246514198499524,0.15594985563944114,0.2793320698025912,0.7509366539870272,0.7027300323389879,0.9306653070705061,0.927626667587853
4.25,0.99,0.0,0.6211581153687398,0.15363813039644958,0.2753622650767277,0.7622593293009987,0.7145067865362131,0.94385075534264,0.9414083217523904
4.3,0.99,0.0,0.61768538034923,0.15134029216615538,0.271406540381991,0.7736315042684934,0.7263551104186866,0.957046312342522,0.9552014464066634
4.35,0.99,0.0,0.6142330994810399,0.14905656926147676,0.26746550302893163,0.7850513507751569,0.73827297089417,0.9702485635044399,0.9690022382215452
4.4,0.99,0.0,0.610801158127669,0.14678718687620848,0.2635397589139277,0.7965170148707246,0.7502582876658677,0.9834540954281253,0.982806895347648
4.45,0.99,0.0,0.6073894423226384,0.1445323670492686,0.2596299122659257,0.8080266170948072,0.7623089336099709,0.9966594930118968,0.9966116143215964
4.5,0.99,0.0,0.6039978387656498,0.14229232862607705,0.25573656538540057,0.8195782528252029,0.77442273520203,1.0098613463865884,1.0104125975780367
4.55,0.99,0.0,0.6006262348187669,0.14006728721711642,0.2518603183757923,0.8311699926496576,0.7865974729931635,1.023056254647754,1.0242060577106262
4.6,0.99,0.0,0.5972745185026163,0.13785745515373848,0.2480017688676874,0.8427998827619296,0.79883088213709,1.0362408251982598,1.0379882167069774
4.65,0.99,0.0,0.5939425784926106,0.13566304144128793,0.24416151173603864,0.8544659453829755,0.8111206529688499,1.049411674474426,1.0517553066621985
4.7,0.99,0.0,0.590630304115191,0.13348425170962727,0.24034013881073354,0.866166179208018,0.8234644316360373,1.0625654406320726,1.0655035839303704
4.75,0.99,0.0,0.5873375853440916,0.1313212881611537,0.23653823858083625,0.8778985598802191,0.8358598207832773,1.075698773237464,1.079229317622597
4.8,0.99,0.0,0.5840643127966231,0.12917434951641243,0.23275639589284847,0.8896610404915937,0.8483043802905956,1.08880833994121,1.0929287969853159
4.85,0.99,0.0,0.5808103777299771,0.12704363095741383,0.22899519164334753,0.9014515521117821,0.8607956280662626,1.1018908405974324,1.1065983470719216
4.9,0.99,0.0,0.5775756720375511,0.12492932406877516,0.2252552024663767,0.9132680043452164,0.8733310408945961,1.1149429861701077,1.1202343053302104
4.95,0.99,0.0,0.5743600882452926,0.12283161677681194,0.22153700041597754,0.9251082859171578,0.8859080553391275,1.1279615219707786,1.1338330473597327
5.0,0.99,0.0,0.5711635195080639,0.1207506932867127,0.21784115264426476,0.9369702652890308,0.8985240687014548,1.1409432275009783,1.147390986738109
5.05,0.99,0.0,0.5679858596060258,0.11868673401793702,0.21416822107546124,0.9488517913034147,0.9111764400360111,1.1538848963446542,1.1609045527275148
5.1,0.99,0.0,0.5648270029410418,0.1166399155379815,0.21051876207631845,0.9607506938589867,0.9238624912208928,1.166783375223368,1.1743702335478243
5.15,0.99,0.0,0.5616868445331009,0.11461041049466676,0.206893326123363,0.972664784615654,0.9365795080848011,1.1796355386125994,1.1877845482528533
5.2,0.99,0.0,0.5585652800167605,0.11259838754710016,0.20329245746741742,0.9845918577300434,0.9493247415900511,1.1924382869646866,1.2011440447601756
5.25,0.99,0.0,0.5554622056376082,0.1106040112954752,0.19971669379585402,0.99652969062146,0.9620954090715294,1.2051885860115368,1.21444534339441
5.3,0.99,0.0,0.5523775182487418,0.10862744220987228,0.1961665658930502,1.0084760447683552,0.9748886955313677,1.2178834205064628,1.2276850856419517
5.35,0.99,0.0,0.5493111153072704,0.10666883655822756,0.192642597299523,1.0204286665352926,0.9877017549890126,1.2305198231493988,1.2408599662598752
5.4,0.99,0.0,0.5462628948708316,0.10472834633364185,0.1891453039702239,1.0323852880303197,1.000531711886281,1.2430948900496468,1.253966750431738
5.45,0.99,0.0,0.5432327555941298,0.10280611918120099,0.18567519393248902,1.044343627992607,1.0133756625468882,1.2556057340853006,1.2670022220364425
5.5,0.99,0.0,0.5402205967254914,0.10090229832448323,0.18223276694413737,1.0563013927101452,1.0262306766898424,1.2680495410901702,1.2799632461158952
5.55,0.99,0.0,0.5372263181034392,0.09901702249192901,0.17881851415222327,1.0682562769672312,1.039093798995996,1.280423546775051,1.2928467432212325
5.6,0.99,0.0,0.5342498201532849,0.09715042584325126,0.17543291775294853,1.0802059650214026,1.051962050726956,1.2927250126070382,1.305649662636196
5.65,0.99,0.0,0.5312910038837396,0.09530263789606154,0.17207645065324612,1.0921481316094481,1.0648324313954411,1.3049512910990995,1.3183690550848046
5.7,0.99,0.0,0.5283497708835428,0.09347378345289255,0.1687495761345509,1.1040804429820108,1.0777019204860894,1.317099766699589,1.3310020069081179
5.75,0.99,0.0,0.5254260233181085,0.0916639825287919,0.16545274751927266,1.1160005579662973,1.090567479225613,1.3291678720295592,1.3435456582913416
5.8,0.99,0.0,0.5225196639261903,0.08987335027966459,0.16218640784049473,1.1279061290563073,1.1034260524010864,1.3411531315501874,1.355997252046907
5.85,0.99,0.0,0.5196305960165624,0.0881019969315396,0.15895098951541253,1.1397948035299565,1.1162745702250816,1.3530530904211788,1.3683540541535628
5.9,0.99,0.0,0.5167587234647201,0.086350027710936,0.15574691402304103,1.1516642245923983,1.1291099502462214,1.3648653710058516,1.3806134171945517
5.95,0.99,0.0,0.5139039507095963,0.08461754277649872,0.15257459158670458,1.1635120325448125,1.1419290993036637,1.376587671888094,1.392772779254357
6.0,0.99,0.0,0.5110661827502957,0.08290463715207698,0.14943442086183317,1.1753358659778455,1.1547289155239007,1.3882177136966158,1.4048296031920537
6.05,0.99,0.0,0.5082453251428465,0.08121140066141204,0.1463267886295825,1.1871333629888567,1.1675062903581597,1.399753319354241,1.4167814670129262
6.1,0.99,0.0,0.505441283996968,0.07953791786460047,0.14325206949679173,1.1989021624220617,1.180258110658611,1.4111923639850439,1.42862600746321
6.15,0.99,0.0,0.5026539659728572,0.0778842679964966,0.14021062560279562,1.2106399051305947,1.192981260791451,1.4225327606480787,1.440360904139002
6.2,0.99,0.0,0.4998832782779893,0.07625052490721226,0.13720280633359241,1.2223442352595,1.205672624784884,1.4337725349626653,1.4519839639366108
6.25,0.99,0.0,0.49712912866393794,0.07463675700487293,0.13422894804387958,1.23401280154856,1.21832908850986,1.4449097429685192,1.463493028102771
6.3,0.99,0.0,0.49439142542320946,0.07304302720078092,0.13128937378744773,1.2456432586538657,1.2309475418914002,1.4559425066051055,1.4748860127969363
6.35,0.99,0.0,0.49167007738609486,0.07146939285713681,0.12838439305642907,1.2572332684869454,1.24352488114818,1.4668690499877546,1.4861609503990438
6.4,0.99,0.0,0.48896499391753795,0.06991590573746422,0.12551430152988347,1.2687805015702507,1.2560580110579946,1.477687618091541,1.4973158969403124
6.45,0.99,0.0,0.4862760849140194,0.06838261195987963,0.12267938083219662,1.280282638407725,1.268543847246615,1.4883965512578572,1.5083490174577003
6.5,0.99,0.0,0.48360326080045674,0.06686955195334388,0.11987989830175957,1.2917373708691635,1.2809793184974545,1.498994267959418,1.5192585662579685
6.55,0.99,0.0,0.4809464325271209,0.06537676041702975,0.11711610677038603,1.3031424035869923,1.2933613690793757,1.5094792121777958,1.5300428267950077
6.6,0.99,0.0,0.4783055115665676,0.0639042662829327,0.11438824435391319,1.3144954553640833,1.3056869610898951,1.5198499441408004,1.5407002162587304
6.65,0.99,0.0,0.4756804099105855,0.062452092681849376,0.11169653425442273,1.3257942605911563,1.3179530768109369,1.5301050740151576,1.5512292091501547
6.7,0.99,0.0,0.47307104006715933,0.06102025691284272,0.1090411845745022,1.3370365706722918,1.330156721074226,1.5402432563242328,1.5616283311805041
6.75,0.99,0.0,0.4704773150574481,0.05960877041630717,0.10642238814395685,1.3482201554570292,1.3422949236333253,1.5502632649415766,1.5718962463651511
6.8,0.99,0.0,0.4678991484127799,0.05821763875074351,0.10384032235936673,1.3593428046774876,1.354364741539241,1.5601639019412301,1.58203165116572
6.85,0.99,0.0,0.4653364541716602,0.05684686157334632,0.10129514903686589,1.370402329388916,1.3663632615164691,1.5699440415636423,1.5920333260177701
6.9,0.99,0.0,0.462789146876797,0.055496432624503475,0.09878701427850993,1.3813965634120287,1.3782876023362682,1.5796026614386933,1.6019001718138965
6.95,0.99,0.0,0.4602571415721398,0.054166339716298514,0.09631604835257424,1.3923233647754678,1.3901349171838988,1.5891387589273238,1.6116311121848264
7.0,0.99,0.0,0.45774035379993383,0.05285656472510512,0.09388236558811268,1.4031806171566816,1.4019023960165022,1.598551430136426,1.6212251865985734
7.05,0.99,0.0,0.4552386995977891,0.05156708358835394,0.09148606428408486,1.4139662313194894,1.4135872679082484,1.60783984802847,1.6306815245785762
7.1,0.99,0.0,0.4527520954957638,0.05029786630554735,0.08912722663333936,1.424678146546571,1.425186803379331,1.6170032100132956,1.639999284144393
7.15,0.99,0.0,0.45028045851346277,0.049048876943592445,0.08680591866172395,1.4353143320650918,1.4366983167053389,1.6260408293598507,1.6491777602785855
7.2,0.99,0.0,0.44782370615714995,0.047820073646515034,0.08452219018256533,1.445872788463645,1.4481191682035257,1.6349520678430298,1.658216305006008
7.25,0.99,0.0,0.44538175641687516,0.04661140864961214,0.0822760747667452,1.4563515490986862,1.4594467664924313,1.6437363284955162,1.6671143190332942
7.3,0.99,0.0,0.44295452776361527,0.045422828298094145,0.08006758972857161,1.4667486814885828,1.4706785707213224,1.652393131028872,1.6758713417416842
7.35,0.99,0.0,0.44054193914642936,0.04425427307026086,0.07789673612762299,1.4770622886934297,1.4818120927658742,1.660922022164832,1.684486944184128
7.4,0.99,0.0,0.4381439099896277,0.04310567760525006,0.07576349878671532,1.4872905106787107,1.4928448993865404,1.6693226138690314,1.6929607752033295
7.45,0.99,0.0,0.4357603601899551,0.0419769707353886,0.07366784632612024,1.4974315256609336,1.5037746143460076,1.6775946191358144,1.7012926044254824
7.5,0.99,0.0,0.4333912101137873,0.040868075523172245,0.07160973121413143,1.5074835514333014,1.5145989204822008,1.6857377683407822,1.7094822217615229
7.55,0.99,0.0,0.4310363805943414,0.03977890930289103,0.06958908983405468,1.5174448466695114,1.5253155617332521,1.6937518798436877,1.7175295227583494
7.6,0.99,0.0,0.4286957929288999,0.03870938372691095,0.06760584256766491,1.5273137122037617,1.5359223451109227,1.7016368484847078,1.725434494689869
7.65,0.99,0.0,0.426369368876048,0.037659404816616567,0.06565989389514901,1.53708849228503,1.5464171426189586,1.7093925878602623,1.7331971468624239
7.7,0.99,0.0,0.4240570306529242,0.03662887301801049,0.06375113251152231,1.5467675758037154,1.5567978931129198,1.7170191148453144,1.7408176131324047
7.75,0.99,0.0,0.42175870093248424,0.035617683261959465,0.0618794314594785,1.556349397488721,1.5670626040980664,1.7245164965283093,1.7482960875336635
7.8,0.99,0.0,0.419474302840778,0.03462572502907004,0.0600446482786046,1.5658324390730731,1.5772093534619187,1.7318848295954954,1.7556327993969483
7.85,0.99,0.0,0.41720375995423936,0.033652882419167744,0.058246625170859705,1.5752152304261904,1.587236291138209,1.7391243171564803,1.76282810691626
7.9,0.99,0.0,0.4149469962969893,0.03269903422534898,0.05648518918219119,1.5844963506509147,1.5971416406989725,1.7462351907708915,1.7698824021647463
7.95,0.99,0.0,0.4127039363381512,0.031764054012564324,0.05476015240012616,1.5936744291434706,1.6069237008716422,1.7532177290915922,1.776796133844816
8.0,0.99,0.0,0.41047450498917953,0.030847810200687976,0.05307131216715154,1.6027481466144988,1.6165808469780694,1.7600723066026158,1.7835698666997346
8.05,0.99,0.0,0.4082586276012003,0.029950166152017486,0.05141845130966134,1.6117162360693873,1.6261115322925175,1.7667993136254747,1.7902041839728322
8.1,0.99,0.0,0.40605622996236473,0.029070980263142688,0.049801338382222664,1.6205774837461175,1.6355142893157597,1.7733992055556766,1.7966997474509583
8.15,0.99,0.0,0.40386723829521465,0.02821010606111463,0.048219727926879646,1.6293307300088962,1.6447877309625445,1.779872514470738,1.8030573116105804
8.2,0.99,0.0,0.40169157925406085,0.027367392303837737,0.046673360747187406,1.6379748701958876,1.6539305516598004,1.7862197843714545,1.8092776446117838
8.25,0.99,0.0,0.39952917992237313,0.026542683084601257,0.045161964196635304,1.646508855419401,1.6629415283530968,1.7924416381112733,1.8153616097577214
8.3,0.99,0.0,0.39737996781018214,0.02573581794065879,0.04368525248109193,1.6549316933169345,1.6718195214190164,1.7985387531775305,1.8213101359988413
8.35,0.99,0.0,0.39524387085149404,0.02494663196575765,0.04224292697487607,1.6632424487515374,1.6805634754812222,1.8045118221037504,1.8271241696472622
8.4,0.99,0.0,0.39312081740171606,0.024174955926512465,0.04083467655002662,1.6714402444600056,1.6891724201282006,1.8103616227536523,1.8328047594953971
8.45,0.99,0.0,0.3910107362350948,0.023420616382510286,0.039460177918321335,1.679524261647488,1.6976454705307737,1.8160889670952358,1.8383529947527661
8.5,0.99,0.0,0.38891355654216536,0.022683435810027644,0.03811909598556288,1.6874937405271524,1.705981827957697,1.821694690582263,1.8437699919910244
8.55,0.99,0.0,0.38682920792721226,0.021963232729233638,0.03681108421762852,1.6953479808036211,1.7141807801877933,1.8271797113780903,1.8490569664071974
8.6,0.99,0.0,0.38475762040574213,0.02125982183474568,0.03553578501775243,1.7030863420989668,1.7222417018172893,1.8325449661208792,1.8542151545017405
8.65,0.99,0.0,0.3826987244019675,0.020573014129398628,0.03429283011448662,1.7107082443201427,1.7301640544611938,1.8377914260731285,1.859245833042585
8.7,0.99,0.0,0.38065245074630216,0.01990261706108181,0.033081840959762056,1.7182131679667845,1.7379473868477662,1.842920134259997,1.8641503632563645
8.75,0.99,0.0,0.37861873067286705,0.019248434662491678,0.031902429136451166,1.7256006543784361,1.745591334805321,1.8479321430708904,1.8689301165255023
8.8,0.99,0.0,0.37659749581700797,0.018610267693642546,0.030754196774811286,1.7328703059203179,1.7530956211408197,1.8528285496037662,1.8735865157150553
8.85,0.99,0.0,0.37458867821282393,0.017987913786972433,0.0296367369771692,1.740021786106853,1.760460055409921,1.8576105074421916,1.8781210489834796
8.9,0.99,0.0,0.3725922102907065,0.017381167594874746,0.02854963425018869,1.7470548196622766,1.7676845335783682,1.862279175756398,1.8825352099474482
8.95,0.99,0.0,0.37060802487488964,0.016789820939482083,0.027492464944046717,1.753969192517746,1.7747690375748244,1.8668357651732173,1.886830550401701
9.0,0.99,0.0,0.36863605518101095,0.016213662964523545,0.026464797697828706,1.7607647517444645,1.7817136347354736,1.871281526624031,1.8910086674633522
9.05,0.99,0.0,0.3666762348136829,0.01565248028907207,0.025466193890438735,1.767441405422451,1.7885184771409453,1.8756177166891435,1.8950711634649946
9.1,0.99,0.0,0.3647284977640749,0.015106057162994558,0.02449620809630968,1.773999122444693,1.7951838008463368,1.8798456456351023,1.8990196998507956
9.15,0.99,0.0,0.36279277840750557,0.014574175623912826,0.023554388545186957,1.780437932256524,1.801709925005346,1.8839666493389549,1.9028559656314097
9.2,0.99,0.0,0.3608690115010458,0.014056615655481044,0.02264027758525171,1.786757924530195,1.8080972508897402,1.8879820718150255,1.9065816573602021
9.25,0.99,0.0,0.3589571321811317,0.013553155346780962,0.021753412148841276,1.792959248774704,1.8143462608056289,1.8918933081896403,1.9101985258140153
9.3,0.99,0.0,0.357057075961188,0.013063571052634155,0.02089332422002054,1.7990421138810913,1.8204575169082313,1.895701767442935,1.913708335480304
9.35,0.99,0.0,0.3551687787292612,0.012587637554627473,0.020059541303253693,1.8050067876035059,1.8264316599170498,1.8994088702866263,1.9171128615264763
9.4,0.99,0.0,0.35329217674566316,0.012125128222646775,0.019251586892425187,1.8108535959764736,1.8322694077335873,1.9030160816677246,1.9204139235821909
9.45,0.99,0.0,0.3514272066406243,0.01167581517671103,0.018468980939458285,1.8165829226689265,1.8379715539639658,1.906524872265341,1.9236133456660112
9.5,0.99,0.0,0.3495738054119572,0.011239469448898955,0.017711240321782278,1.822195208275664,1.8435389663490185,1.9099367276282413,1.9267129645388101
9.55,0.99,0.0,0.34773191042272883,0.010815861145158326,0.016977879307903017,1.82769094954705,1.8489725851046428,1.9132531680463738,1.9297146491446755
9.6,0.99,0.0,0.34590145939894373,0.010404759606789134,0.016268410020338585,1.8330706985578489,1.8542734211753957,1.9164757146516018,1.9326202673380115
9.65,0.99,0.0,0.3440823904272361,0.010005933571390294,0.015582342895188193,1.838335061816261,1.859442554404528,1.9196059048994274,1.9354316993589062
9.7,0.99,0.0,0.3422746419525718,0.009619151333061316,0.014919187137613478,1.843484699314299,1.8644811316238337,1.9226453008826263,1.9381508452656528
9.75,0.99,0.0,0.34047815277595933,0.009244180901650415,0.014278451172521819,1.8485203235207952,1.869390364666889,1.9255954628499363,1.9407796010152227
9.8,0.99,0.0,0.3386928620521704,0.008880790160842722,0.013659643089755803,1.853442698318435,1.8741715283094165,1.928457966694935,1.9433198718745976
9.85,0.99,0.0,0.3369187092874703,0.008528747024883482,0.013062271083107339,1.8582526378863253,1.878825958140695,1.9312344035741522,1.9457735720775342
9.9,0.99,0.0,0.3351556343373568,0.00818781959373361,0.01248584388249189,1.8629510055297311,1.8833550483700803,1.9339263614149658,1.9481426100449573
9.95,0.99,0.0,0.3334035774043081,0.007857776306457728,0.01192987117863705,1.8675387124587148,1.887760249572866,1.9365354410128446,1.9504288979852287
10.0,0.99,0.0,0.33166247903554086,0.007538386092648214,0.011393864039660383,1.8720167165175245,1.8920430663798335,1.9390632505328584,1.9526343484811375
10.05,0.99,0.0,0.32993228012077636,0.007229418521691856,0.01087733531893218,1.8763860208666865,1.8962050551149807,1.9415113940905429,1.9547608669747087
10.1,0.99,0.0,0.32821292189001583,0.006930643949690352,0.010379800053643121,1.88064767261985,1.9002478213860348,1.9438814841637257,1.956810355431158
10.15,0.99,0.0,0.3265043459113246,0.006641833663849899,0.009900775853520975,1.884802761437541,1.904173017632444,1.9461751344782368,1.9587847100477849
10.2,0.99,0.0,0.3248064940886253,0.006362760024160451,0.009439783279167181,1.8888524180800643,1.9079823406356469,1.9483939538955324,1.9606858182864562
10.25,0.99,0.0,0.3231193086594995,0.006093196602190131,0.008996346209510887,1.8927978129218894,1.9116775289964882,1.9505395539691222,1.962515555981639
10.3,0.99,0.0,0.32144273219299835,0.005832918316826197,0.008569992197907187,1.8966401544299332,1.915260360584715,1.952613543108675,1.9642757892609268
10.35,0.99,0.0,0.3197767075874616,0.005581701566800051,0.0081602528164358,1.900380687608241,1.9187326499655366,1.9546175236694499,1.9659683732682172
10.4,0.99,0.0,0.3181211780683448,0.005339324359840091,0.007766663987986939,1.9040206924116245,1.9220962458082667,1.956553094498542,1.967595143375888
10.45,0.99,0.0,0.31647608718605613,0.0051055664383032676,0.007388766305753402,1.9075614821308982,1.9253530282820872,1.958421848383388,1.9691579230527687
10.5,0.99,0.0,0.31484137881380064,0.004880209401142936,0.007026105339779356,1.9110044017524057,1.9285049064439836,1.960225370282705,1.970658521737163
10.55,0.99,0.0,0.31321699714543266,0.0046630368220784415,0.006678231930250053,1.9143508262945907,1.93155381562389,1.9619652355148398,1.9720987217079324
10.6,0.99,0.0,0.3116028866933177,0.004453834363839573,0.006344702467240541,1.9176021591244017,1.934501714812057,1.963643011537517,1.9734802923288528
10.65,0.99,0.0,0.3099989922862018,0.004252389888366799,0.006025079156674824,1.920759830256377,1.9373505840536294,1.9652602555823946,1.9748049851920926
10.7,0.99,0.0,0.3084052590670889,0.00405849356285658,0.005718930272281935,1.9238252946372845,1.9401024218553617,1.9668185096367474,1.9760745185693338
10.75,0.99,0.0,0.3068216324911268,0.0038719379615499384,0.005425830393370257,1.9268000304192041,1.9427592426093305,1.9683193067694498,1.977290597500908
10.8,0.99,0.0,0.30524805832350127,0.003692518163170649,0.005145360628275658,1.9296855372239876,1.9453230740384313,1.9697641669299717,1.9784549051133735
10.85,0.99,0.0,0.303684482637338,0.003520031843928652,0.00487710882337448,1.9324833344020147,1.9477959546683539,1.9711545899864316,1.9795690863983937
10.9,0.99,0.0,0.3021308518116123,0.0033542793660133225,0.0046206697575865725,1.9351949592881912,1.950179931330614,1.9724920662883019,1.9806347731674225
10.95,0.99,0.0,0.3005871125290675,0.0031950638615103537,0.004375645322328572,1.9378219654581128,1.9524770567011076,1.9737780698961567,1.9816535711365666
11.0,0.99,0.0,0.29905321177414007,0.0030421913116854132,0.0041416446869112595,1.9403659209873299,1.9546893868785205,1.975014050774867,1.982627044347596
11.05,0.99,0.0,0.2975290968308943,0.002895470621587245,0.003918284449409099,1.942828406716601,1.9568189790067723,1.9762014490387454,1.983556743886316
11.1,0.99,0.0,0.2960147152809632,0.0027547136899318996,0.0037051887730624035,1.9452110145260308,1.9588678889455333,1.9773416853188746,1.984444190883666
11.15,0.99,0.0,0.2945100150014977,0.00261973547423982,0.003501989508305739,1.9475153456209227,1.9608381689926646,1.978436152897421,1.9852908623505776
11.2,0.99,0.0,0.2930149441631244,0.002490354051206689,0.003308326300547564,1.949743008832161,1.9627318656622699,1.9794862350293656,1.9860982226395782
11.25,0.99,0.0,0.2915294512279095,0.0023663906722982907,0.0031238466838566206,1.9518956189338714,1.9645510175218532,1.9804932925124494,1.9868677029062605
11.3,0.99,0.0,0.2900534849473322,0.002247669814569434,0.0029482061607409736,1.9539747949810613,1.9662976530918725,1.9814586561776484,1.9876006885745476
11.35,0.99,0.0,0.2885869943602638,0.002134019226715764,0.0027810682682337254,1.9559821586698798,1.9679737888107895,1.982383646748333,1.9882985527390817
11.4,0.99,0.0,0.28712992879095606,0.0020252699703769816,0.002622104630527625,1.9579193327230584,1.9695814270684868,1.9832695599535621,1.9889626328980303
11.45,0.99,0.0,0.2856822378470364,0.0019212564567188048,0.0024709949984268007,1.9597879393030315,1.9711225543107105,1.9841176594225585,1.9895942197867447
11.5,0.99,0.0,0.28424387141751056,0.0018218164783299121,0.0023274272759089823,1.9615895984551364,1.9725991392169766,1.984929198665584,1.990194592162916
11.55,0.99,0.0,0.28281477967077295,0.0017267912364788277,0.002191097534115479,1.9633259265832175,1.9740131309541358,1.9857054042761535,1.9907649918138652
11.6,0.99,0.0,0.28139491305262454,0.0016360253637844415,0.0020617100131083647,1.9649985349598549,1.9753664575075711,1.986447468952315,1.9913066131374186
11.65,0.99,0.0,0.2799842222842984,0.0015493669423617296,0.00193897711175511,1.9666090282733422,1.9766610240917517,1.9871565753155787,1.991820638926333
11.7,0.99,0.0,0.2785826583604921,0.0014666675175125147,0.001822619366120232,1.9681590032134297,1.977898711641638,1.9878338778989764,1.992308214741656
11.75,0.99,0.0,0.2771901725474083,0.0013877821070388892,0.0017123654167613893,1.9696500470977414,1.979081375386188,1.9884804957573121,1.9927704383685423
11.8,0.99,0.0,0.2758067163808019,0.001312569206264006,0.0016079519653432004,1.9710837365406533,1.9802108435049666,1.9890975379449716,1.9932083963617988
11.85,0.99,0.0,0.27443224166403574,0.0012408907888525548,0.0015091237209969586,1.9724616361663077,1.9812889158686344,1.9896860851016536,1.9936231388882446
11.9,0.99,0.0,0.27306670046614256,0.0011726123035294262,0.0014156333368668431,1.9737852973673158,1.9823173628638353,1.9902471809313913,1.9940156680488583
11.95,0.99,0.0,0.271710045119895,0.0011076026668020232,0.0013272413372948462,1.975056257110559,1.9832979243027828,1.99078185921069,1.9943869750476217
12.0,0.99,0.0,0.27036222821988243,0.0010457342517972677,0.001243716036105907,1.9762760367913992,1.984232308417598,1.991291125873334,1.9947380166502953
12.05,0.99,0.0,0.2690232026205962,0.0009868828733303706,0.0011648334464628531,1.9774461411374455,1.9851221909392291,1.9917759485469773,1.9950697013783691
12.1,0.99,0.0,0.26769292143452106,0.0009309277693273395,0.0010903771827667594,1.9785680571629156,1.9859692142605623,1.9922372849409222,1.9953829270829901
12.15,0.99,0.0,0.2663713380302344,0.0008777515787283209,0.0010201383550832324,1.9796432531744803,1.9867749866831055,1.9926760663967378,1.9956785601590208
12.2,0.99,0.0,0.2650584060305129,0.0008272403160031374,0.000953915456577993,1.9806731778293534,1.9875410817464232,1.9930931846899178,1.9959574187686704
12.25,0.99,0.0,0.26375407931044687,0.0007792833424144673,0.0008915142444466115,1.9816592592462476,1.9882690376392933,1.9934895215377424,1.9962203104340037
12.3,0.99,0.0,0.2624583119955612,0.0007337733341675634,0.0008327476148231616,1.982602904169683,1.9889603566913587,1.9938659346125727,1.9964680150177312
12.35,0.99,0.0,0.2611710584599442,0.0006906062475887017,0.0007774354721510144,1.9835054971879982,1.9896165049438634,1.9942232409712817,1.9967012643884334
12.4,0.99,0.0,0.25989227332438364,0.0006496812814770916,0.0007254045934959079,1.984368400005281,1.9902389117978778,1.9945622472173685,1.9969207794960673
12.45,0.99,0.0,0.2586219114545103,0.0006109008367773186,0.0006764884882770655,1.9851929507673047,1.9908289697382553,1.99488373894584,1.997127258032866
12.5,0.99,0.0,0.25735992795894885,0.0005741704737211798,0.0006305272538862861,1.985980463441413,1.9913880341313979,1.9951884604903563,1.9973213504195775
12.55,0.99,0.0,0.25610627818747594,0.0005393988665891379,0.0005873674276579662,1.9867322272501884,1.9919174230947658,1.9954771449616666,1.9975036954675744
12.6,0.99,0.0,0.25486091772918595,0.0005064977562425943,0.000546861835644719,1.9874495061585873,1.9924184174359256,1.9957505079751383,1.9976749134358818
12.65,0.99,0.0,0.25362380241066446,0.0004753819005786786,0.0005088694386438638,1.988133538414128,1.9928922606588029,1.9960092239454084,1.9978355789208335
12.7,0.99,0.0,0.25239488829416834,0.0004459690230593509,0.0004732551759095704,1.988785536139577,1.9933401590347,1.996253954799502,1.9979862537278754
12.75,0.99,0.0,0.2511741316758143,0.00041817975946633343,0.00043988980697403653,1.9894066849774725,1.9937632817355273,1.9964853485947127,1.9981274856230957
12.8,0.99,0.0,0.24996148908377405,0.0003919376030326267,0.00040864975198860764,1.9899981437857186,1.9941627610266095,1.9967040133815286,1.9982597794553285
12.85,0.99,0.0,0.24875691727647803,0.00036716884810035743,0.0003794169309826308,1.9905610443833617,1.9945396925163494,1.9969105428312823,1.9983836254974274
12.9,0.99,0.0,0.24756037324082567,0.00034380253245309543,0.0003520786024237157,1.991096491345576,1.9948951354599682,1.9971055200600232,1.9984995038791487
12.95,0.99,0.0,0.24637181419040383,0.00032177037846908325,0.0003265272014485437,1.9916055618467736,1.9952301131144738,1.9972894909304473,1.9986078560677778
13.0,0.99,0.0,0.2451911975637128,0.00030100673323955505,0.0003026601781180245,1.9920893055506728,1.9955456131419829,1.9974629843070715,1.9987091065248574
13.05,0.99,0.0,0.24401848102240006,0.00028144850779382934,0.0002803798360348384,1.9925487445460728,1.995842588058472,1.9976265212216775,1.998803672626779
13.1,0.99,0.0,0.2428536224495015,0.0002630351155700276,0.0002595931716451825,1.992984873326997,1.99612195572503,1.9977805898353171,1.9988919389023039
13.15,0.99,0.0,0.2416965799476905,0.0002457084102671683,0.00024021171452997698,1.9933986588157966,1.9963845998786551,1.9979256581522882,1.9989742701289366
13.2,0.99,0.0,0.2405473118375349,0.00022941262321096628,0.00022215136897392495,1.9937910404277457,1.9966313706996612,1.998062188237676,1.9990510260232714
13.25,0.99,0.0,0.23940577665576168,0.00021409430036201647,0.00020533225708376147,1.9941629301755874,1.9968630854127547,1.998190615061298,1.999122540232747
13.3,0.99,0.0,0.2382719331535299,0.00019970223909114533,0.0001896785637098537,1.9945152128124406,1.9970805289188647,1.9983113501824326,1.9991891240047959
13.35,0.99,0.0,0.23714574029471083,0.0001861874248425969,0.00017511838340806638,1.9948487460114332,1.9972844544548576,1.9984248001057217,1.9992510844471345
13.4,0.99,0.0,0.2360271572541768,0.00017350296780141788,0.00016158356966160443,1.9951643605803777,1.997475584278282,1.9985313508652556,1.9993087097565785
13.45,0.99,0.0,0.23491614341609776,0.00016160403967690906,0.0001490095865653863,1.9954628607097769,1.9976546103743562,1.9986313624263132,1.9993622638514652
13.5,0.99,0.0,0.23381265837224616,0.00015044781070937098,0.00013733536315852063,1.995745024252415,1.9978221951824646,1.998725189469451,1.9994120063310699
13.55,0.99,0.0,0.23271666192030954,0.00013999338700258665,0.00012650315057366422,1.9960116030327693,1.997978972339487,1.9988131728280143,1.9994581846480917
13.6,0.99,0.0,0.23162811406221173,0.00013020174827960994,0.00011645838215553461,1.9962633231844542,1.9981255474373611,1.9988956261224755,1.999501021792578
13.65,0.99,0.0,0.23054697500244264,0.00012103568615442817,0.00010714953668463166,1.9965008855139195,1.9982624987923596,1.9989728563163938,1.9995407352467025
13.7,0.99,0.0,0.22947320514639538,0.00011245974300699827,9.852800482637554e-05,1.9967249658885884,1.9983903782236312,1.9990451620318217,1.9995775356011731
13.75,0.99,0.0,0.2284067650987129,0.00010444015154408053,9.054795891047896e-05,1.9969362156476584,1.9985097118386692,1.9991128161407596,1.9996116110771354
13.8,0.99,0.0,0.22734761566164252,9.694477512310613e-05,8.31662261303561e-05,1.997135262033768,1.9986210008234373,1.9991760822819984,1.9996431422195857
13.85,0.99,0.0,0.2262957178333991,8.994304891119115e-05,7.634216523792054e-05,1.997322708643758,1.9987247222349964,1.9992352192844365,1.999672305896866
13.9,0.99,0.0,0.22525103280653708,8.340592194623282e-05,7.003754679515303e-05,1.997499135896779,1.9988213297945734,1.9992904648099281,1.9996992612867592
13.95,0.99,0.0,0.22421352196633076,7.730580016189858e-05,6.421643703042098e-05,1.9976651015180047,1.9989112546791123,1.999342043658074,1.9997241569966306
14.0,0.99,0.0,0.22318314688916385,7.161649043323134e-05,5.884508533470917e-05,1.9978211410362527,1.998994906309457,1.999390177539276,1.9997471394574369
14.05,0.99,0.0,0.22215986934092777,6.631314569454265e-05,5.389181542069463e-05,1.997967768293844,1.9990726731334207,1.9994350733871835,1.9997683433506737
14.1,0.99,0.0,0.22114365127542868,6.137221117630955e-05,4.9326920155988156e-05,1.998105475967061,1.9991449234021081,1.9994769219360773,1.9997878904448732
14.15,0.99,0.0,0.22013445483280375,5.67713718029048e-05,4.5122560070896845e-05,1.9982347360956179,1.9992120059379597,1.9995159109280385,1.999805900424019
14.2,0.99,0.0,0.21913224233794645,5.2489500788205445e-05,4.125266553071921e-05,1.9983560006195913,1.9992742508931014,1.9995522196758582,1.999822486608873
14.25,0.99,0.0,0.21813697629894105,4.850660946145879e-05,3.769284255289743e-05,1.9984697019223079,1.9993319704966928,1.999586009918885,1.9998377487237187
14.3,0.99,0.0,0.21714861940550673,4.480379835123248e-05,3.4420282240312345e-05,1.9985762533777442,1.9993854597900653,1.9996174390841412,1.9998517833912026
14.35,0.99,0.0,0.21616713452745037,4.136320955086184e-05,3.14136737936099e-05,1.9986760499010363,1.9994349973485621,1.9996466605738292,1.99986468443237
14.4,0.99,0.0,0.21519248471312952,3.816798038454493e-05,2.8653121057709835e-05,1.998769468500758,1.9994808459890803,1.999673812382937,1.9998765342456577
14.45,0.99,0.0,0.21422463318792462,3.520219838910709e-05,2.6120062550532042e-05,1.9988568688316892,1.9995232534624368,1.9996990254330405,1.9998874101215587
14.5,0.99,0.0,0.21326354335272094,3.245085762251088e-05,2.3797194915500186e-05,1.9989385937468407,1.9995624531297596,1.999722428608183,1.9998973880716648
14.55,0.99,0.0,0.21230917878240013,2.9899816306389423e-05,2.1668399733521118e-05,1.9990149698475788,1.999598664622219,1.9997441404713272,1.9999065368376852
14.6,0.99,0.0,0.2113615032243419,2.75357558062668e-05,1.9718673624880858e-05,1.9990863080307457,1.9996320944835009,1.9997642693484612,1.9999149179534161
14.65,0.99,0.0,0.21042048059693563,2.534614094968733e-05,1.7934061566827142e-05,1.9991529040317344,1.9996629367945167,1.999782921773367,1.999922591855202
14.7,0.99,0.0,0.20948607498810176,2.3319181679214257e-05,1.6301593348506913e-05,1.9992150389625445,1.999691373779928,1.999800199215692,1.99992961560886
14.75,0.99,0.0,0.20855825065382358,2.1443796034180993e-05,1.4809223081377532e-05,1.9992729798439055,1.999717576396157,1.999816191667943,1.9999360384341784
14.8,0.99,0.0,0.20763697201668938,1.9709574452189956e-05,1.3445771680186652e-05,1.9993269801306188,1.9997417049006236,1.9998309861850188,1.999941907666478
14.85,0.99,0.0,0.20672220366444466,1.8106745378640797e-05,1.2200872227099002e-05,1.9993772802293317,1.9997639094020332,1.9998446678214417,1.9999472694418015
14.9,0.99,0.0,0.20581391034855528,1.6626142170056418e-05,1.1064918129516451e-05,1.9994241080080213,1.9997843303916039,1.9998573125727226,1.9999521640297937
14.95,0.99,0.0,0.20491205698278056,1.525917127463562e-05,1.0029013980559742e-05,1.9994676792965267,1.999803099255202,1.9998689909924598,1.9999566282261987
15.0,0.99,0.0,0.20401660864175766,1.399778167131378e-05,9.08492903004359e-06,1.99950819837753,1.9998203387663989,1.9998797725631132,1.9999606982448426
15.05,0.99,0.0,0.2031275305595966,1.2834435546639824e-05,8.225053173039646e-06,1.9995458584674435,1.9998361635605444,1.9998897220454666,1.9999644074001044
15.1,0.99,0.0,0.20224478812848606,1.1762080186988943e-05,7.442355362774998e-06,1.9995808421867243,1.9998506805899816,1.9998988967024427,1.9999677843435957
15.15,0.99,0.0,0.20136834689731015,1.0774121062013267e-05,6.730344354619519e-06,1.999613322019189,1.999863989560606,1.9999073523116537,1.9999708568844388
15.2,0.99,0.0,0.20049817257027674,9.864396073789779e-06,6.083031688255244e-06,1.9996434607599622,1.9998761833499938,1.999915143006081,1.999973651912918
15.25,0.99,0.0,0.19963423100555652,9.027150944841906e-06,5.494896815762887e-06,1.999671411951737,1.9998873484073787,1.9999223163012043,1.9999761923870363
15.3,0.99,0.0,0.1987764882139338,8.257015717098767e-06,4.960854284287933e-06,1.9996973203090895,1.9998975651357993,1.9999289165391871,1.9999784994201102
15.35,0.99,0.0,0.19792491035746862,7.5489823328899995e-06,4.476222883126901e-06,1.9997213221306287,1.9999069082567598,1.9999349873550065,1.9999805937769113
15.4,0.99,0.0,0.19707946374817029,6.898383268265203e-06,4.036696666487301e-06,1.9997435456988157,1.9999154471577896,1.9999405690315089,1.9999824943586322
15.45,0.99,0.0,0.19624011484668313,6.300871188258043e-06,3.638317764794167e-06,1.999764111667328,1.9999232462233085,1.9999456968755482,1.9999842172726074
15.5,0.99,0.0,0.19540683026098354,5.752399593183439e-06,3.277450899219367e-06,1.9997831334358926,1.9999303651492295,1.9999504052575234,1.9999857781471324
15.55,0.99,0.0,0.19457957674508905,5.249204424657367e-06,2.950759516078143e-06,1.9998007175125496,1.999936859241747,1.9999547275391576,1.9999871921001828
15.6,0.99,0.0,0.19375832119777966,4.787786599752094e-06,2.655183459845028e-06,1.9998169638633398,1.9999427797007836,1.999958692774381,1.9999884719179148
15.65,0.99,0.0,0.19294303066133126,4.364895441539868e-06,2.387918105771126e-06,1.9998319662494608,1.999948173888573,1.999962327759288,1.9999896291866877
15.7,0.99,0.0,0.19213367232026105,3.977512974228349e-06,2.1463948754164065e-06,1.9998458125519551,1.9999530855838703,1.999965658848196,1.9999906752961636
15.75,0.99,0.0,0.19133021350008572,3.6228390511449343e-06,1.9282630608259986e-06,1.9998585850840314,1.9999575552222955,1.9999687105908732,1.9999916207360962
15.8,0.99,0.0,0.1905326216660919,3.298277283974988e-06,1.7313728855606698e-06,1.9998703608911519,1.9999616201233064,1.999971504072585,1.9999924742392503
15.85,0.99,0.0,0.18974086442211913,3.001421741896998e-06,1.5537597333237534e-06,1.9998812120390344,1.9999653147043177,1.9999740596237416,1.9999932441806516
15.9,0.99,0.0,0.188954909509356,2.7300443895767516e-06,1.3936294774934426e-06,1.9998912058897595,1.999968670682469,1.9999763971121736,1.9999939387310497
15.95,0.99,0.0,0.1881747248051484,2.4820832333759666e-06,1.249344847456847e-06,1.9999004053661744,1.9999717172645515,1.9999785340323732,1.9999945649073512
16.0,0.99,0.0,0.18740027832182127,2.2556311455942485e-06,1.1194127702385022e-06,1.999908869204823,1.9999744813255982,1.9999804859503605,1.9999951287937503
16.05,0.99,0.0,0.1866315382055133,2.0489253370852834e-06,1.0024726285073172e-06,1.9999166521976395,1.9999769875766327,1.999982268124296,1.9999956363471796
16.1,0.99,0.0,0.1858684727350246,1.8603374491680266e-06,8.972853786231986e-07,1.9999238054226582,1.9999792587220753,1.999983895154278,1.9999960932357244
16.15,0.99,0.0,0.18511105032067757,1.6883642363808176e-06,8.027234749368113e-07,1.9999303764640153,1.9999813156072845,1.999985379396911,1.9999965041003296
16.2,0.99,0.0,0.18435923950319164,1.5316188122976511e-06,7.177615490747433e-07,1.9999364096215135,1.999983177356712,1.9999867323732308,1.9999968732104685
16.25,0.99,0.0,0.1836130089525707,1.388822431332828e-06,6.414677954190394e-07,1.9999419461100518,1.999984861503136,1.9999879653989774,1.9999972047577588
16.3,0.99,0.0,0.1828723274670049,1.258796780201098e-06,5.729960164191307e-07,1.9999470242492075,1.9999863841084249,1.9999890889010308,1.9999975025534635
16.35,0.99,0.0,0.18213716397178542,1.1404567534658212e-06,5.115782837473854e-07,1.9999516796432864,1.9999877598762748,1.9999901116716885,1.9999977696984759
16.4,0.99,0.0,0.18140748751823335,1.0328036883960952e-06,4.565181736235263e-07,1.9999559453521452,1.999989002257346,1.9999910421632454,1.999998009156244
16.45,0.99,0.0,0.18068326728264256,9.34919035158482e-07,4.0718453688198916e-07,1.9999598520530986,1.9999901235472182,1.9999918886447303,1.9999982238228686
16.5,0.99,0.0,0.17996447256523623,8.459584391862312e-07,3.630057665369443e-07,1.999963428194236,1.999991134977558,1.9999926584191583,1.9999984161996085
16.55,0.99,0.0,0.1792510727891374,7.651462133947654e-07,3.234645277087958e-07,1.9999667001394519,1.999992046800896,1.9999933577732412,1.9999985883718383
16.6,0.99,0.0,0.17854303749935413,6.917701787426763e-07,2.880929168112066e-07,1.9999696923055195,1.9999928683693748,1.9999939928335675,1.9999987423672645
16.65,0.99,0.0,0.17784033636177832,6.251768524684432e-07,2.5646801885694226e-07,1.9999724272915103,1.9999936082078367,1.999994569546058,1.9999988801490933
16.7,0.99,0.0,0.1771429391621991,5.647669641625503e-07,2.282078336233543e-07,1.9999749260008846,1.9999942740815815,1.9999950929789745,1.9999990033431572
16.75,0.99,0.0,0.17645081580533065,5.099912806583087e-07,2.0296754322279834e-07,1.9999772077565492,1.9999948730591368,1.9999955676122303,1.999999113351172
16.8,0.99,0.0,0.17576393631385434,4.6034672154046354e-07,1.8043609534984223e-07,1.9999792904091978,1.999995411570342,1.9999959978321071,1.999999211544416
16.85,0.99,0.0,0.17508227082747566,4.153727478760769e-07,1.6033307812572915e-07,1.9999811904392286,1.9999958954600539,1.9999963878516587,1.9999992992341942
16.9,0.99,0.0,0.17440578960199557,3.7464800756465874e-07,1.424058640317581e-07,1.9999829230525348,1.9999963300377512,1.9999967411747908,1.9999993774719849
16.95,0.99,0.0,0.1737344630083964,3.377872214823683e-07,1.264270019179793e-07,1.9999845022704552,1.9999967201233175,1.9999970609658666,1.9999994471872593
17.0,0.99,0.0,0.17306826153194302,3.0443829535670024e-07,1.1219183749301421e-07,1.9999859410141678,1.9999970700892504,1.9999973503257884,1.999999509290432
17.05,0.99,0.0,0.17240715577129845,2.742796430512342e-07,9.951634404626537e-08,1.9999872511837982,1.9999973838995453,1.999997612205304,1.9999995646429958
17.1,0.99,0.0,0.17175111643765428,2.470177076643395e-07,8.823514642714562e-08,1.9999884437325117,1.9999976651454845,1.999997849021222,1.9999996139251994
17.15,0.99,0.0,0.17110011435387643,2.223846675493883e-07,7.819972250894353e-08,1.9999895287358465,1.9999979170785445,1.9999980629826875,1.999999657748532
17.2,0.99,0.0,0.1704541204536655,2.001363150463429e-07,6.927676749963188e-08,1.9999905154565367,1.9999981426406326,1.999998256253776,1.9999996967117728
17.25,0.99,0.0,0.16981310578073247,1.8005009637494242e-07,6.134670753058821e-08,1.9999914124050708,1.9999983444918406,1.999998430884056,1.9999997313781277
17.3,0.99,0.0,0.16917704148798948,1.6192330177730596e-07,5.430234995900261e-08,1.999992227396214,1.9999985250358978,1.9999985885363636,1.999999762185594
17.35,0.99,0.0,0.16854589883675541,1.4557139561227446e-07,4.80476587631519e-08,1.999992967601726,1.999998686443501,1.9999987307331617,1.9999997895280663
17.4,0.99,0.0,0.16791964919597724,1.3082647669507316e-07,4.249664429416842e-08,1.999993639599484,1.9999988306736676,1.9999988589649353,1.9999998137910189
17.45,0.99,0.0,0.16729826404146605,1.1753585974343901e-07,3.757235747582783e-08,1.9999942494192204,1.999998959493276,1.9999989746461881,1.9999998353382065
17.5,0.99,0.0,0.1666817149551487,1.0556076933557701e-07,3.3205979317841764e-08,1.9999948025850784,1.9999990744949243,1.9999990789190158,1.9999998544523079
17.55,0.99,0.0,0.16606997362433448,9.477513830591795e-08,2.9335997330573498e-08,1.9999953041551681,1.99999917711324,1.99999917281868,1.9999998713849498
17.6,0.99,0.0,0.16546301184099715,8.506450300208952e-08,2.59074611025639e-08,1.99999575875831,1.999999268639766,1.9999992573579963,1.999999886382204
17.65,0.99,0.0,0.1648608015010727,7.632498830092745e-08,2.2871309929209254e-08,1.9999961706281393,1.9999993502365305,1.9999993335060566,1.9999998996784567
17.7,0.99,0.0,0.16426331460377164,6.846237573307973e-08,2.0183765963794413e-08,1.9999965436347342,1.9999994229484137,1.9999994020486072,1.9999999114562086
17.75,0.99,0.0,0.16367052325090742,6.13912484953566e-08,1.780578690330234e-08,1.9999968813139255,1.999999487714404,1.999999463680295,1.9999999218726259
17.8,0.99,0.0,0.16308239964623963,5.503420753773143e-08,1.570257272324954e-08,1.9999971868944377,1.9999995453778372,1.9999995190799402,1.9999999310812127
17.85,0.99,0.0,0.16249891609483308,4.9321153298541184e-08,1.384312144059158e-08,1.9999974633230029,1.9999995966957045,1.9999995689040075,1.9999999392300967
17.9,0.99,0.0,0.16192004500243168,4.418862802738171e-08,1.2199829313643641e-08,1.999997713287582,1.9999996423471036,1.9999996136966907,1.999999946438346
17.95,0.99,0.0,0.1613457588748481,3.957921398119358e-08,1.0748131285141952e-08,1.999997939238817,1.9999996829409135,1.9999996539187639,1.9999999528035661
18.0,0.99,0.0,0.1607760303173683,3.5440983105636567e-08,9.466177841057315e-09,1.999998143409842,1.9999997190227476,1.999999690018846,1.9999999584206656
18.05,0.99,0.0,0.16021083203417205,3.1726994121800137e-08,8.334544795549623e-09,1.9999983278345532,1.9999997510812604,1.9999997224341437,1.999999963382063
18.1,0.99,0.0,0.15965013682776794,2.8394833228220494e-08,7.335972823393307e-09,1.9999984943644598,1.9999997795538544,1.9999997515444665,1.9999999677662224
18.15,0.99,0.0,0.15909391759844405,2.5406194900841306e-08,6.455133847129208e-09,1.9999986446842029,1.9999998048318466,1.9999997776542382,1.9999999716331693
18.2,0.99,0.0,0.15854214734373406,2.2726499529611564e-08,5.678421648806817e-09,1.9999987803258457,1.999999827265137,1.9999998010557174,1.999999975040246
18.25,0.99,0.0,0.15799479915789802,2.032454487061077e-08,4.993764317113015e-09,1.99999890268202,1.999999847166429,1.9999998220341997,1.9999999780434046
18.3,0.99,0.0,0.1574518462314185,1.8172188517640008e-08,4.390456361488272e-09,1.9999990130180096,1.999999864815041,1.9999998408534125,1.9999999806938733
18.35,0.99,0.0,0.1569132618505121,1.6244058807797718e-08,3.859008526963083e-09,1.9999991124828576,1.9999998804603412,1.9999998577178162,1.9999999830295498
18.4,0.99,0.0,0.15637901939665522,1.451729177239847e-08,3.3910135282936328e-09,1.999999202119556,1.999999894324849,1.999999872815039,1.9999999850846868
18.45,0.99,0.0,0.15584909234612568,1.297129192836956e-08,2.979026090837999e-09,1.9999992828744049,1.9999999066070266,1.999999886328131,1.999999986892686
18.5,0.99,0.0,0.15532345426955885,1.1587514876640145e-08,2.61645583970717e-09,1.999999355605584,1.9999999174837948,1.9999998984336196,1.9999999884856847
18.55,0.99,0.0,0.15480207883151817,1.0349269833686271e-08,2.297471719206197e-09,1.9999994210910137,1.999999927112794,1.9999999092753162,1.9999999898889638
18.6,0.99,0.0,0.15428493979008137,9.241540370972495e-09,2.0169167525183475e-09,1.9999994800355518,1.9999999356344205,1.9999999189724071,1.9999999911226738
18.65,0.99,0.0,0.15377201099644053,8.250821775111384e-09,1.7702320679811678e-09,1.9999995330775786,1.9999999431736533,1.9999999276406004,1.9999999922063476
18.7,0.99,0.0,0.1532632663945171,7.364973569812426e-09,1.5533892241031537e-09,1.9999995807950206,1.9999999498416974,1.9999999353926665,1.9999999931590122
18.75,0.99,0.0,0.1527586800205914,6.573085859635318e-09,1.3628299615365905e-09,1.9999996237108555,1.9999999557374568,1.9999999423312131,1.9999999939977708
18.8,0.99,0.0,0.15225822600294622,5.8653582658005335e-09,1.1954125973744283e-09,1.9999996622981424,1.999999960948857,1.9999999485343634,1.9999999947349827
18.85,0.99,0.0,0.15176187856152534,5.2329903263559734e-09,1.0483643561274808e-09,1.999999696984613,1.9999999655540284,1.9999999540741527,1.999999995381883
18.9,0.99,0.0,0.15126961200760555,4.668082327377452e-09,9.192390032608612e-10,1.9999997281568593,1.9999999696223696,1.9999999590207518,1.9999999959494095
18.95,0.99,0.0,0.15078140074348292,4.163545619085505e-09,8.058792118743992e-10,1.9999997561641554,1.9999999732154965,1.999999963442112,1.9999999964481414
19.0,0.99,0.0,0.15029721926217346,3.713021551254105e-09,7.063831515956138e-10,1.999999781321936,1.9999999763880922,1.9999999673946864,1.99999999688662
19.05,0.99,0.0,0.14981704214712696,3.3108082365216258e-09,6.19074841568112e-10,1.9999998039149691,1.9999999791886696,1.999999970923145,1.9999999972712974
19.1,0.99,0.0,0.14934084407195503,2.951794418611208e-09,5.424778570719493e-10,1.999999824200242,1.999999981660248,1.9999999740704772,1.9999999976083611
19.15,0.99,0.0,0.14886859980017225,2.6313997854289353e-09,4.752920222712945e-10,1.9999998424095853,1.9999999838409628,1.9999999768785217,1.9999999979038308
19.2,0.99,0.0,0.14840028418495127,2.345521124917035e-09,4.1637276027987617e-10,1.999999858752064,1.9999999857646056,1.9999999793870864,1.9999999981634105
19.25,0.99,0.0,0.14793587216889062,2.090483774747923e-09,3.64712806559266e-10,1.9999998734161442,1.999999987461109,1.999999981627041,1.999999998391328
19.3,0.99,0.0,0.14747533878379623,1.862997865802395e-09,3.19426022981483e-10,1.999999886571666,1.999999988956977,1.999999983624346,1.9999999985910122
19.35,0.99,0.0,0.14701865915047516,1.6601189041888543e-09,2.797330780253174e-10,1.9999998983716334,1.9999999902756704,1.9999999854042199,1.9999999987657917
19.4,0.99,0.0,0.14656580847854314,1.4792122776394734e-09,2.44948783838839e-10,1.999999908953837,1.999999991437948,1.9999999869911822,1.9999999989189
19.45,0.99,0.0,0.14611676206624383,1.317921309737284e-09,2.1447090356341303e-10,1.9999999184423278,1.999999992462172,1.9999999884081288,1.9999999990533366
19.5,0.99,0.0,0.145671495300281,1.1741385198540424e-09,1.877702626306026e-10,1.999999926948752,1.9999999933645802,1.9999999896722194,1.9999999991712405
19.55,0.99,0.0,0.1452299836556631,1.0459797781544116e-09,1.6438201594053464e-10,1.9999999345735613,1.9999999941595257,1.9999999907984127,1.9999999992744284
19.6,0.99,0.0,0.14479220269555956,9.31761073780488e-10,1.4389793911830308e-10,1.9999999414071068,1.9999999948596934,1.9999999918012457,1.9999999993646629
19.65,0.99,0.0,0.14435812807116954,8.299776405847267e-10,1.259596266130475e-10,1.9999999475306336,1.999999995476289,1.9999999926948409,1.999999999443658
19.7,0.99,0.0,0.143927735521602,7.392852087298123e-10,1.1025249242474688e-10,1.9999999530171757,1.9999999960192096,1.9999999934923185,1.9999999995129918
19.75,0.99,0.0,0.1435010008737676,6.584831723060556e-10,9.650048087271231e-11,1.9999999579323688,1.9999999964971937,1.9999999942033961,1.9999999995737716
19.8,0.99,0.0,0.14307790004228169,5.864994830041935e-10,8.446140519866138e-11,1.9999999623351836,1.9999999969179547,1.9999999948365523,1.9999999996269366
19.85,0.99,0.0,0.14265840902937893,5.223770979832842e-10,7.392284105419865e-11,1.9999999662785894,1.9999999972882998,1.9999999954000212,1.999999999673399
19.9,0.99,0.0,0.14224250392483848,4.6526182653904854e-10,6.469851017312126e-11,1.9999999698101527,1.999999997614234,1.9999999959017938,1.9999999997140436
19.95,0.99,0.0,0.14183016090591993,4.143914351447779e-10,5.6625096877922704e-11,1.999999972972577,1.9999999979010534,1.9999999963493988,1.9999999997496993
20.0,0.99,0.0,0.14142135623731003,3.690858840318593e-10,4.9559446611298265e-11,1.9999999758041915,1.9999999981534295,1.999999996748473,1.9999999997809572
